2023-02-25|00:00|szombat|8.6|0|null|null
2023-02-25|00:10|szombat|8.1|0|null|null
2023-02-25|00:20|szombat|7.6|0|null|null
2023-02-25|00:30|szombat|8.3|0|null|null
2023-02-25|00:40|szombat|8.4|0|null|null
2023-02-25|00:50|szombat|8.2|0|null|null
2023-02-25|01:00|szombat|7.8|0|null|null
2023-02-25|01:10|szombat|7.7|0|null|null
2023-02-25|01:20|szombat|8.1|0|null|null
2023-02-25|01:30|szombat|8.1|0|null|null
2023-02-25|01:40|szombat|8.1|0|null|null
2023-02-25|01:50|szombat|8.0|0|null|null
2023-02-25|02:00|szombat|7.7|0|null|null
2023-02-25|02:10|szombat|7.1|0|null|null
2023-02-25|02:20|szombat|6.9|0|null|null
2023-02-25|02:30|szombat|6.9|0|null|null
2023-02-25|02:40|szombat|6.6|0|null|null
2023-02-25|02:50|szombat|6.5|0|null|null
2023-02-25|03:00|szombat|6.3|0|null|null
2023-02-25|03:10|szombat|6.2|0|null|null
2023-02-25|03:20|szombat|6.1|0|null|null
2023-02-25|03:30|szombat|5.7|0|null|null
2023-02-25|03:40|szombat|5.3|0|null|null
2023-02-25|03:50|szombat|4.8|0|null|null
2023-02-25|04:00|szombat|4.4|0|null|null
2023-02-25|04:10|szombat|3.6|0|null|null
2023-02-25|04:20|szombat|3.6|0|null|null
2023-02-25|04:30|szombat|5.9|0|null|null
2023-02-25|04:40|szombat|6.8|0|null|null
2023-02-25|04:50|szombat|7.1|0|null|null
2023-02-25|05:00|szombat|7.4|0|null|null
2023-02-25|05:10|szombat|7.3|0|null|null
2023-02-25|05:20|szombat|7.6|0|null|null
2023-02-25|05:30|szombat|7.7|0|null|null
2023-02-25|05:40|szombat|7.8|0|null|null
2023-02-25|05:50|szombat|8.1|0|null|null
2023-02-25|06:00|szombat|8.6|0|null|null
2023-02-25|06:10|szombat|8.9|0|null|null
2023-02-25|06:20|szombat|8.5|0|null|null
2023-02-25|06:30|szombat|8.1|0|null|null
2023-02-25|06:40|szombat|7.9|0|null|null
2023-02-25|06:50|szombat|7.7|0|null|null
2023-02-25|07:00|szombat|7.7|0|null|null
2023-02-25|07:10|szombat|7.5|0|null|null
2023-02-25|07:20|szombat|7.3|0|null|null
2023-02-25|07:30|szombat|7.1|0|null|null
2023-02-25|07:40|szombat|6.7|0|null|null
2023-02-25|07:50|szombat|6.6|0|null|null
2023-02-25|08:00|szombat|6.7|0|null|null
2023-02-25|08:10|szombat|6.8|0|null|null
2023-02-25|08:20|szombat|6.7|0|null|null
2023-02-25|08:30|szombat|6.6|0|null|null
2023-02-25|08:40|szombat|6.5|0|null|null
2023-02-25|08:50|szombat|6.5|0|null|null
2023-02-25|09:00|szombat|6.4|0|null|null
2023-02-25|09:10|szombat|6.4|0|null|null
2023-02-25|09:20|szombat|6.3|0|null|null
2023-02-25|09:30|szombat|6.2|0|null|null
2023-02-25|09:40|szombat|6.2|0|null|null
2023-02-25|09:50|szombat|6.2|0|null|null
2023-02-25|10:00|szombat|6.2|0|null|null
2023-02-25|10:10|szombat|6.2|0|null|null
2023-02-25|10:20|szombat|6.3|0|null|null
2023-02-25|10:30|szombat|6.3|0|null|null
2023-02-25|10:40|szombat|6.4|0|null|null
2023-02-25|10:50|szombat|6.4|0|null|null
2023-02-25|11:00|szombat|6.6|0|null|null
2023-02-25|11:10|szombat|6.8|0|null|null
2023-02-25|11:20|szombat|6.7|0|null|null
2023-02-25|11:30|szombat|6.7|0|null|null
2023-02-25|11:40|szombat|6.8|0|null|null
2023-02-25|11:50|szombat|7.2|0|null|null
2023-02-25|12:00|szombat|8.0|0|null|null
2023-02-25|12:10|szombat|7.9|0|null|null
2023-02-25|12:20|szombat|7.8|0|null|null
2023-02-25|12:30|szombat|8.6|0|null|null
2023-02-25|12:40|szombat|8.2|0|null|null
2023-02-25|12:50|szombat|8.7|0|null|null
2023-02-25|13:00|szombat|9.2|0|null|null
2023-02-25|13:10|szombat|9.3|0|null|null
2023-02-25|13:20|szombat|9.2|0|null|null
2023-02-25|13:30|szombat|9.5|0|null|null
2023-02-25|13:40|szombat|9.7|0|null|null
2023-02-25|13:50|szombat|10.2|0|null|null
2023-02-25|14:00|szombat|9.9|0|null|null
2023-02-25|14:10|szombat|10.0|0|null|null
2023-02-25|14:20|szombat|9.9|0|null|null
2023-02-25|14:30|szombat|9.7|0|null|null
2023-02-25|14:40|szombat|9.7|0|null|null
2023-02-25|14:50|szombat|9.3|0|null|null
2023-02-25|15:00|szombat|9.2|0|null|null
2023-02-25|15:10|szombat|9.1|0|null|null
2023-02-25|15:20|szombat|8.8|0|null|null
2023-02-25|15:30|szombat|8.7|0|null|null
2023-02-25|15:40|szombat|8.7|0|null|null
2023-02-25|15:50|szombat|8.6|0|null|null
2023-02-25|16:00|szombat|8.7|0|null|null
2023-02-25|16:10|szombat|8.5|0|null|null
2023-02-25|16:20|szombat|8.4|0|null|null
2023-02-25|16:30|szombat|8.3|0|null|null
2023-02-25|16:40|szombat|8.2|0|null|null
2023-02-25|16:50|szombat|8.0|0|null|null
2023-02-25|17:00|szombat|7.9|0|null|null
2023-02-25|17:10|szombat|7.7|0|null|null
2023-02-25|17:20|szombat|7.5|0|null|null
2023-02-25|17:30|szombat|7.1|0|17.0|null
2023-02-25|17:40|szombat|6.8|0|16.967054938939782|null
2023-02-25|17:50|szombat|6.5|0|16.9332211767412|null
2023-02-25|18:00|szombat|6.2|0|16.89850167080963|null
2023-02-25|18:10|szombat|6.2|0|16.862899368708856|null
2023-02-25|18:20|szombat|6.2|0|16.827415543377434|null
2023-02-25|18:30|szombat|6.2|0|16.792049800550274|null
2023-02-25|18:40|szombat|6.2|0|16.756801747274313|null
2023-02-25|18:50|szombat|6.3|0|16.721670991904155|null
2023-02-25|19:00|szombat|6.1|0|16.686989922492256|null
2023-02-25|19:10|szombat|6.0|0|16.651758707397263|null
2023-02-25|19:20|szombat|6.0|0|16.616311955779693|null
2023-02-25|19:30|szombat|5.8|0|16.580983163293077|null
2023-02-25|19:40|szombat|5.5|0|16.545106380605816|null
2023-02-25|19:50|szombat|5.3|0|16.508350652916356|null
2023-02-25|20:00|szombat|5.3|0|16.471051683558308|null
2023-02-25|20:10|szombat|5.2|0|16.433876837111672|null
2023-02-25|20:20|szombat|5.0|0|16.39649292212767|null
2023-02-25|20:30|szombat|5.2|0|16.358567855946674|null
2023-02-25|20:40|szombat|5.0|0|16.32143455298114|null
2023-02-25|20:50|szombat|4.9|0|16.283759264835965|null
2023-02-25|21:00|szombat|4.7|0|16.24587657351527|null
2023-02-25|21:10|szombat|4.7|0|16.20745439081747|null
2023-02-25|21:20|szombat|4.5|0|16.169160068842405|null
2023-02-25|21:30|szombat|4.5|0|16.130327625308112|null
2023-02-25|21:40|szombat|4.3|0|16.09162440775598|null
2023-02-25|21:50|szombat|4.4|0|16.052384429360757|null
2023-02-25|22:00|szombat|4.4|0|16.013607811530207|null
2023-02-25|22:10|szombat|4.4|0|15.974960233905934|null
2023-02-25|22:20|szombat|4.4|0|15.93644126707001|null
2023-02-25|22:30|szombat|4.5|0|15.89805048303352|null
2023-02-25|22:40|szombat|4.5|0|15.860120233626349|null
2023-02-25|22:50|szombat|4.5|0|15.822316207894202|null
2023-02-25|23:00|szombat|4.5|0|15.78463798579196|null
2023-02-25|23:10|szombat|4.5|0|15.747085148672324|null
2023-02-25|23:20|szombat|4.3|0|15.709657279281164|null
2023-02-25|23:30|szombat|4.2|0|15.671688404963778|null
2023-02-25|23:40|szombat|4.1|0|15.633513104462228|null
2023-02-25|23:50|szombat|4.1|0|15.595132064718253|null
2023-02-26|00:00|vasárnap|4.0|1|15.556878748782148|null
2023-02-26|00:10|vasárnap|3.9|1|15.51841995322213|null
2023-02-26|00:20|vasárnap|3.8|1|15.479756361829992|null
2023-02-26|00:30|vasárnap|3.8|1|15.440888656122013|null
2023-02-26|00:40|vasárnap|3.8|1|15.402150293741087|null
2023-02-26|00:50|vasárnap|3.7|1|15.363540844260566|null
2023-02-26|01:00|vasárnap|3.7|1|15.324727100291625|null
2023-02-26|01:10|vasárnap|3.6|1|15.286042520076727|null
2023-02-26|01:20|vasárnap|3.6|1|15.247153895392257|null
2023-02-26|01:30|vasárnap|3.5|1|15.208394683648674|null
2023-02-26|01:40|vasárnap|3.5|1|15.169431675793122|null
2023-02-26|01:50|vasárnap|3.4|1|15.13059832840958|null
2023-02-26|02:00|vasárnap|3.4|1|15.091561431621463|null
2023-02-26|02:10|vasárnap|3.3|1|15.052654441191757|null
2023-02-26|02:20|vasárnap|3.2|1|15.013544146425623|null
2023-02-26|02:30|vasárnap|3.2|1|14.974231223875968|null
2023-02-26|02:40|vasárnap|3.2|1|14.935049126238823|null
2023-02-26|02:50|vasárnap|3.1|1|14.895997418157148|null
2023-02-26|03:00|vasárnap|2.9|1|14.856742887328119|null
2023-02-26|03:10|vasárnap|2.9|1|14.816953430307475|null
2023-02-26|03:20|vasárnap|2.8|1|14.777296384003105|null
2023-02-26|03:30|vasárnap|2.7|1|14.737438529386203|null
2023-02-26|03:40|vasárnap|2.7|1|14.697380534703449|null
2023-02-26|03:50|vasárnap|2.6|1|14.65745584437229|null
2023-02-26|04:00|vasárnap|2.6|1|14.617331236390093|null
2023-02-26|04:10|vasárnap|2.5|1|14.57734015443416|null
2023-02-26|04:20|vasárnap|2.5|1|14.537149375764171|null
2023-02-26|04:30|vasárnap|2.3|1|14.497092343322198|null
2023-02-26|04:40|vasárnap|2.4|1|14.456503055240592|null
2023-02-26|04:50|vasárnap|2.3|1|14.416381617934771|null
2023-02-26|05:00|vasárnap|2.2|1|14.376060917709339|null
2023-02-26|05:10|vasárnap|2.2|1|14.335541617668241|null
2023-02-26|05:20|vasárnap|2.2|1|14.2951571571033|null
2023-02-26|05:30|vasárnap|2.1|1|14.254907087297877|null
2023-02-26|05:40|vasárnap|2.1|1|14.214458182634006|null
2023-02-26|05:50|vasárnap|1.9|1|14.174143883185687|null
2023-02-26|06:00|vasárnap|1.9|1|14.133298184226751|null
2023-02-26|06:10|vasárnap|1.9|1|14.092588410929052|null
2023-02-26|06:20|vasárnap|1.9|1|14.052014110961357|null
2023-02-26|06:30|vasárnap|1.9|1|14.011574833497694|null
2023-02-26|06:40|vasárnap|1.9|1|13.97127012921234|null
2023-02-26|06:50|vasárnap|1.8|1|13.931099550274833|null
2023-02-26|07:00|vasárnap|1.8|1|13.890729871950448|null
2023-02-26|07:10|vasárnap|1.8|1|13.850494535193475|null
2023-02-26|07:20|vasárnap|1.8|1|13.810393092944203|null
2023-02-26|07:30|vasárnap|1.8|1|13.77042509963064|null
2023-02-26|07:40|vasárnap|1.9|1|13.730590111163556|null
2023-02-26|07:50|vasárnap|2.0|1|13.69122046332611|null
2023-02-26|08:00|vasárnap|2.1|1|13.652314607565224|null
2023-02-26|08:10|vasárnap|2.2|1|13.613871000481073|null
2023-02-26|08:20|vasárnap|2.2|1|13.57588810380993|null
2023-02-26|08:30|vasárnap|2.5|1|13.538031606012535|null
2023-02-26|08:40|vasárnap|2.8|1|13.501299421644381|null
2023-02-26|08:50|vasárnap|2.9|1|13.465687809233295|null
2023-02-26|09:00|vasárnap|2.9|1|13.43052748296881|null
2023-02-26|09:10|vasárnap|3.1|1|13.395484162673585|null
2023-02-26|09:20|vasárnap|3.1|1|13.361223015766129|null
2023-02-26|09:30|vasárnap|3.2|1|13.327075882553306|null
2023-02-26|09:40|vasárnap|3.4|1|13.293375162016723|null
2023-02-26|09:50|vasárnap|3.5|1|13.260452146985985|null
2023-02-26|10:00|vasárnap|3.8|1|13.227971471030651|null
2023-02-26|10:10|vasárnap|3.9|1|13.196597218930943|null
2023-02-26|10:20|vasárnap|4.1|1|13.165660151958221|null
2023-02-26|10:30|vasárnap|4.4|1|13.135491593649386|null
2023-02-26|10:40|vasárnap|4.3|1|13.106421764968193|null
2023-02-26|10:50|vasárnap|4.4|1|13.077115896001633|null
2023-02-26|11:00|vasárnap|4.6|1|13.048240329029877|null
2023-02-26|11:10|vasárnap|4.8|1|13.020126410495402|null
2023-02-26|11:20|vasárnap|5.2|1|12.992771605796769|null
2023-02-26|11:30|vasárnap|5.1|1|12.966838945556232|null
2023-02-26|11:40|vasárnap|5.4|1|12.94065980521156|null
2023-02-26|11:50|vasárnap|5.9|1|12.915566118573475|null
2023-02-26|12:00|vasárnap|6.0|1|12.892219830275655|null
2023-02-26|12:10|vasárnap|6.0|1|12.869284011775768|null
2023-02-26|12:20|vasárnap|6.0|1|12.846424518724461|null
2023-02-26|12:30|vasárnap|6.0|1|12.823641097127133|null
2023-02-26|12:40|vasárnap|6.2|1|12.800933493834417|null
2023-02-26|12:50|vasárnap|6.1|1|12.778967013328476|null
2023-02-26|13:00|vasárnap|6.4|1|12.756740854129152|null
2023-02-26|13:10|vasárnap|6.5|1|12.735586993969225|null
2023-02-26|13:20|vasárnap|6.9|1|12.71483630768007|null
2023-02-26|13:30|vasárnap|6.6|1|12.695485788769798|null
2023-02-26|13:40|vasárnap|6.6|1|12.675201329022048|null
2023-02-26|13:50|vasárnap|6.4|1|12.65498437157379|null
2023-02-26|14:00|vasárnap|6.3|1|12.634169135002859|null
2023-02-26|14:10|vasárnap|6.3|1|12.613090388647462|null
2023-02-26|14:20|vasárnap|6.0|1|12.592081787805778|null
2023-02-26|14:30|vasárnap|6.0|1|12.570144763865049|null
2023-02-26|14:40|vasárnap|6.0|1|12.5482807416004|null
2023-02-26|14:50|vasárnap|6.0|1|12.526489478078028|null
2023-02-26|15:00|vasárnap|6.0|1|12.504770731172558|null
2023-02-26|15:10|vasárnap|5.9|1|12.483124259564356|null
2023-02-26|15:20|vasárnap|5.9|1|12.461217044342298|null
2023-02-26|15:30|vasárnap|5.9|1|12.439382731599348|null
2023-02-26|15:40|vasárnap|5.9|1|12.417621078731806|null
2023-02-26|15:50|vasárnap|5.7|1|12.395931843943302|null
2023-02-26|16:00|vasárnap|5.2|1|12.373649229453022|null
2023-02-26|16:10|vasárnap|5.0|1|12.349776874716767|null
2023-02-26|16:20|vasárnap|5.0|1|12.325318405230249|null
2023-02-26|16:30|vasárnap|5.0|1|12.300941328245818|null
2023-02-26|16:40|vasárnap|4.7|1|12.276645372906813|null
2023-02-26|16:50|vasárnap|4.6|1|12.251431934074283|null
2023-02-26|17:00|vasárnap|4.5|1|12.225969621724163|null
2023-02-26|17:10|vasárnap|4.5|1|12.200259264053749|null
2023-02-26|17:20|vasárnap|4.3|1|12.174634464898823|null
2023-02-26|17:30|vasárnap|4.6|1|12.148429382750034|null
2023-02-26|17:40|vasárnap|4.4|1|12.123309840636555|null
2023-02-26|17:50|vasárnap|4.3|1|12.097608334142942|null
2023-02-26|18:00|vasárnap|4.4|1|12.071659578315465|null
2023-02-26|18:10|vasárnap|4.4|1|12.046129952735583|null
2023-02-26|18:20|vasárnap|4.4|1|12.020685284233842|null
2023-02-26|18:30|vasárnap|4.3|1|11.995325290091438|null
2023-02-26|18:40|vasárnap|4.2|1|11.969716910135851|null
2023-02-26|18:50|vasárnap|4.0|1|11.943860970941401|null
2023-02-26|19:00|vasárnap|3.6|1|11.917425517937204|null
2023-02-26|19:10|vasárnap|3.6|1|11.889746922830914|null
2023-02-26|19:20|vasárnap|3.4|1|11.862160436109052|null
2023-02-26|19:30|vasárnap|3.5|1|11.83400019446572|null
2023-02-26|19:40|vasárnap|3.6|1|11.806266442416977|null
2023-02-26|19:50|vasárnap|3.6|1|11.778957760697597|null
2023-02-26|20:00|vasárnap|3.6|1|11.751739956370816|null
2023-02-26|20:10|vasárnap|3.6|1|11.724612727016304|null
2023-02-26|20:20|vasárnap|3.5|1|11.697575771220123|null
2023-02-26|20:30|vasárnap|3.5|1|11.670296010176827|null
2023-02-26|20:40|vasárnap|3.4|1|11.643107030284368|null
2023-02-26|20:50|vasárnap|3.4|1|11.61567575104814|null
2023-02-26|21:00|vasárnap|3.3|1|11.588335757182561|null
2023-02-26|21:10|vasárnap|3.3|1|11.56075396651509|null
2023-02-26|21:20|vasárnap|3.3|1|11.533263962087787|null
2023-02-26|21:30|vasárnap|3.3|1|11.505865438455878|null
2023-02-26|21:40|vasárnap|3.2|1|11.47855809119104|null
2023-02-26|21:50|vasárnap|3.1|1|11.451008838483478|null
2023-02-26|22:00|vasárnap|3.0|1|11.423218485342238|null
2023-02-26|22:10|vasárnap|2.8|1|11.395187834097474|null
2023-02-26|22:20|vasárnap|2.5|1|11.366584906014808|null
2023-02-26|22:30|vasárnap|2.4|1|11.337078827113364|null
2023-02-26|22:40|vasárnap|2.2|1|11.307338159673037|null
2023-02-26|22:50|vasárnap|2.0|1|11.27703090595925|null
2023-02-26|23:00|vasárnap|1.9|1|11.246158951448708|null
2023-02-26|23:10|vasárnap|1.6|1|11.215056953738204|null
2023-02-26|23:20|vasárnap|1.4|1|11.183060121572709|null
2023-02-26|23:30|vasárnap|0.9|1|11.150504211162506|null
2023-02-26|23:40|vasárnap|0.4|1|11.116392747815558|null
2023-02-26|23:50|vasárnap|0.1|1|11.080730908075955|null
2023-02-27|00:00|hétfő|0.3|2|11.04418940805046|null
2023-02-27|00:10|hétfő|0.0|2|11.008435067031188|null
2023-02-27|00:20|hétfő|-0.7|2|10.9718013735503|null
2023-02-27|00:30|hétfő|-1.1|2|10.932960140324605|null
2023-02-27|00:40|hétfő|-1.0|2|10.892917048753072|null
2023-02-27|00:50|hétfő|-1.2|2|10.853339990333344|null
2023-02-27|01:00|hétfő|-1.2|2|10.81322907902414|null
2023-02-27|01:10|hétfő|-1.4|2|10.77325164816163|null
2023-02-27|01:20|hétfő|-1.1|2|10.732741696762629|null
2023-02-27|01:30|hétfő|-1.1|2|10.69336488891317|null
2023-02-27|01:40|hétfő|-1.3|2|10.654119118572696|null
2023-02-27|01:50|hétfő|-1.0|2|10.614338392887593|null
2023-02-27|02:00|hétfő|-0.9|2|10.575688384046407|null
2023-02-27|02:10|hétfő|-0.7|2|10.537499772478684|null
2023-02-27|02:20|hétfő|-0.6|2|10.500103801148532|null
2023-02-27|02:30|hétfő|-0.7|2|10.463165053925945|null
2023-02-27|02:40|hétfő|-0.6|2|10.426016452478784|null
2023-02-27|02:50|hétfő|-0.6|2|10.389324251945663|null
2023-02-27|03:00|hétfő|-0.6|2|10.3527541551284|null
2023-02-27|03:10|hétfő|-0.6|2|10.31630575569221|null
2023-02-27|03:20|hétfő|-0.5|2|10.279978648654502|null
2023-02-27|03:30|hétfő|-0.4|2|10.244105208774927|null
2023-02-27|03:40|hétfő|-0.4|2|10.2086839263472|null
2023-02-27|03:50|hétfő|-0.4|2|10.173380518294465|null
2023-02-27|04:00|hétfő|-0.4|2|10.138194592356268|null
2023-02-27|04:10|hétfő|-0.4|2|10.103125757577514|null
2023-02-27|04:20|hétfő|-0.4|2|10.068173624304125|null
2023-02-27|04:30|hétfő|-0.3|2|10.033337804178702|null
2023-02-27|04:40|hétfő|-0.3|2|9.998950688530769|null
2023-02-27|04:50|hétfő|-0.3|2|9.96467800577422|null
2023-02-27|05:00|hétfő|-0.3|2|9.930519375101117|null
2023-02-27|05:10|hétfő|-0.4|2|9.896474416970767|null
2023-02-27|05:20|hétfő|-0.5|2|9.862209974710959|null
2023-02-27|05:30|hétfő|-0.5|2|9.827726778717457|null
2023-02-27|05:40|hétfő|-0.4|2|9.793358335349971|null
2023-02-27|05:50|hétfő|-0.5|2|9.759437041131102|null
2023-02-27|06:00|hétfő|-0.5|2|9.725295851255996|null
2023-02-27|06:10|hétfő|-0.5|2|9.691268275884436|null
2023-02-27|06:20|hétfő|-0.5|2|9.657353936931901|null
2023-02-27|06:30|hétfő|-0.5|2|9.623552457572055|null
2023-02-27|06:40|hétfő|-0.6|2|9.589863462232556|null
2023-02-27|06:50|hétfő|-0.5|2|9.555953798196338|null
2023-02-27|07:00|hétfő|-0.6|2|9.522489756590245|null
2023-02-27|07:10|hétfő|-0.5|2|9.488804297690011|null
2023-02-27|07:20|hétfő|-0.5|2|9.45556371511365|null
2023-02-27|07:30|hétfő|-0.5|2|9.422433750014324|null
2023-02-27|07:40|hétfő|-0.4|2|9.38941403428097|null
2023-02-27|07:50|hétfő|-0.3|2|9.356836979422065|null
2023-02-27|08:00|hétfő|-0.2|2|9.324701112357857|null
2023-02-27|08:10|hétfő|0.0|2|9.293004964910688|null
2023-02-27|08:20|hétfő|0.1|2|9.262079852183223|null
2023-02-27|08:30|hétfő|0.5|2|9.231590429943953|null
2023-02-27|08:40|hétfő|0.8|2|9.202533583492707|null
2023-02-27|08:50|hétfő|1.1|2|9.174571767132232|null
2023-02-27|09:00|hétfő|1.1|2|9.147701336838969|null
2023-02-27|09:10|hétfő|1.1|2|9.120920325532245|null
2023-02-27|09:20|hétfő|1.3|2|9.094228435644991|null
2023-02-27|09:30|hétfő|1.4|2|9.068290927389475|null
2023-02-27|09:40|hétfő|1.7|2|9.042772511952062|null
2023-02-27|09:50|hétfő|1.9|2|9.0183373514715|null
2023-02-27|10:00|hétfő|2.0|2|8.994649062714785|null
2023-02-27|10:10|hétfő|2.3|2|8.97137238185964|null
2023-02-27|10:20|hétfő|2.5|2|8.94917149595299|null
2023-02-27|10:30|hétfő|2.6|2|8.927710046587132|null
2023-02-27|10:40|hétfő|2.7|2|8.906652794682469|null
2023-02-27|10:50|hétfő|2.9|2|8.885998395157177|null
2023-02-27|11:00|hétfő|3.0|2|8.866078285800123|null
2023-02-27|11:10|hétfő|3.2|2|8.846557244657728|null
2023-02-27|11:20|hétfő|3.4|2|8.82776672211174|null
2023-02-27|11:30|hétfő|3.5|2|8.809704287154103|null
2023-02-27|11:40|hétfő|3.6|2|8.792034738472083|null
2023-02-27|11:50|hétfő|3.5|2|8.77475676862504|null
2023-02-27|12:00|hétfő|3.8|2|8.757203517734114|null
2023-02-27|12:10|hétfő|3.7|2|8.740707015453339|null
2023-02-27|12:20|hétfő|4.2|2|8.723932631573462|null
2023-02-27|12:30|hétfő|4.6|2|8.708877961191693|null
2023-02-27|12:40|hétfő|4.7|2|8.695204503078516|null
2023-02-27|12:50|hétfő|5.0|2|8.681909325674276|null
2023-02-27|13:00|hétfő|4.5|2|8.669656726931596|null
2023-02-27|13:10|hétfő|4.3|2|8.655781010217563|null
2023-02-27|13:20|hétfő|4.5|2|8.641285912101749|null
2023-02-27|13:30|hétfő|4.3|2|8.627504607329827|null
2023-02-27|13:40|hétfő|4.6|2|8.613103606973578|null
2023-02-27|13:50|hétfő|5.0|2|8.599748865218757|null
2023-02-27|14:00|hétfő|5.5|2|8.587769678737335|null
2023-02-27|14:10|hétfő|5.2|2|8.577494248373103|null
2023-02-27|14:20|hétfő|5.0|2|8.566254677237428|null
2023-02-27|14:30|hétfő|5.1|2|8.554386952177037|null
2023-02-27|14:40|hétfő|5.3|2|8.542891498736118|null
2023-02-27|14:50|hétfő|5.3|2|8.532099856469701|null
2023-02-27|15:00|hétfő|5.4|2|8.521344126457164|null
2023-02-27|15:10|hétfő|5.1|2|8.510956967584832|null
2023-02-27|15:20|hétfő|5.1|2|8.499606039749391|null
2023-02-27|15:30|hétfő|5.3|2|8.488292885349367|null
2023-02-27|15:40|hétfő|5.4|2|8.477682935472023|null
2023-02-27|15:50|hétfő|5.7|2|8.467441071610091|null
2023-02-27|16:00|hétfő|5.2|2|8.458231625641934|null
2023-02-27|16:10|hétfő|5.1|2|8.44738893474748|null
2023-02-27|16:20|hétfő|5.0|2|8.43624954759116|null
2023-02-27|16:30|hétfő|4.9|2|8.424814451514035|null
2023-02-27|16:40|hétfő|4.6|2|8.413084630571502|null
2023-02-27|16:50|hétfő|4.4|2|8.400395508755143|null
2023-02-27|17:00|hétfő|4.2|2|8.387083056805551|null
2023-02-27|17:10|hétfő|3.8|2|8.373149349030736|null
2023-02-27|17:20|hétfő|3.4|2|8.357930896046764|null
2023-02-27|17:30|hétfő|3.1|2|8.341431973208115|null
2023-02-27|17:40|hétfő|2.8|2|8.323989620036365|null
2023-02-27|17:50|hétfő|2.8|2|8.305606976063828|null
2023-02-27|18:00|hétfő|2.7|2|8.287285505558778|null
2023-02-27|18:10|hétfő|1.9|2|8.268692226554585|null
2023-02-27|18:20|hétfő|1.2|2|8.247498594809374|null
2023-02-27|18:30|hétfő|1.4|2|8.224046042129796|null
2023-02-27|18:40|hétfő|1.0|2|8.201337091267602|null
2023-02-27|18:50|hétfő|0.6|2|8.177372597309315|null
2023-02-27|19:00|hétfő|0.3|2|8.152156738431094|null
2023-02-27|19:10|hétfő|-0.2|2|8.126026457299576|null
2023-02-27|19:20|hétfő|-0.6|2|8.09831924012536|null
2023-02-27|19:30|hétfő|-1.0|2|8.069373113005438|null
2023-02-27|19:40|hétfő|-1.1|2|8.039192198764441|null
2023-02-27|19:50|hétfő|-1.4|2|8.008778941690768|null
2023-02-27|20:00|hétfő|-2.0|2|7.9774685581820695|null
2023-02-27|20:10|hétfő|-1.4|2|7.944265698497652|null
2023-02-27|20:20|hétfő|-0.9|2|7.913170001123923|null
2023-02-27|20:30|hétfő|0.1|2|7.883841675485426|null
2023-02-27|20:40|hétfő|-0.2|2|7.857938732123613|null
2023-02-27|20:50|hétfő|-0.1|2|7.831123652977218|null
2023-02-27|21:00|hétfő|0.1|2|7.80473058701525|null
2023-02-27|21:10|hétfő|-0.2|2|7.779090908263557|null
2023-02-27|21:20|hétfő|-0.3|2|7.752538217639538|null
2023-02-27|21:30|hétfő|0.0|2|7.72574111023854|null
2023-02-27|21:40|hétfő|-0.1|2|7.700031513004979|null
2023-02-27|21:50|hétfő|-0.2|2|7.6740746933617885|null
2023-02-27|22:00|hétfő|-0.4|2|7.647871474011734|null
2023-02-27|22:10|hétfő|-1.0|2|7.621089896525257|null
2023-02-27|22:20|hétfő|-1.1|2|7.59240077197509|null
2023-02-27|22:30|hétfő|-1.3|2|7.563474340238461|null
2023-02-27|22:40|hétfő|-1.5|2|7.5339786126278705|null
2023-02-27|22:50|hétfő|-1.8|2|7.503915483636986|null
2023-02-27|23:00|hétfő|-1.7|2|7.472954063060468|null
2023-02-27|23:10|hétfő|-1.6|2|7.442428453796819|null
2023-02-27|23:20|hétfő|-1.7|2|7.412337205560153|null
2023-02-27|23:30|hétfő|-1.8|2|7.382013316101719|null
2023-02-27|23:40|hétfő|-1.9|2|7.351457559601243|null
2023-02-27|23:50|hétfő|-1.5|2|7.320670707662142|null
2023-02-28|00:00|kedd|-1.4|3|7.291317421292847|null
2023-02-28|00:10|kedd|-1.2|3|7.262394594713227|null
2023-02-28|00:20|kedd|-1.1|3|7.23423357384065|null
2023-02-28|00:30|kedd|-1.0|3|7.2064990451557716|null
2023-02-28|00:40|kedd|-0.9|3|7.179189589384732|null
2023-02-28|00:50|kedd|-0.8|3|7.152303791976715|null
2023-02-28|01:00|kedd|-0.6|3|7.125840243088222|null
2023-02-28|01:10|kedd|-0.5|3|7.100130315961954|null
2023-02-28|01:20|kedd|-0.4|3|7.074838724312965|null
2023-02-28|01:30|kedd|-0.4|3|7.049964076011168|null
2023-02-28|01:40|kedd|-0.2|3|7.0251722051646395|null
2023-02-28|01:50|kedd|-0.1|3|7.001128393096988|null
2023-02-28|02:00|kedd|-0.1|3|6.977497372035671|null
2023-02-28|02:10|kedd|-0.2|3|6.953944989906857|null
2023-02-28|02:20|kedd|-0.2|3|6.930138206622621|null
2023-02-28|02:30|kedd|-0.2|3|6.906410647169592|null
2023-02-28|02:40|kedd|-0.2|3|6.882762047907976|null
2023-02-28|02:50|kedd|-0.2|3|6.859192146075316|null
2023-02-28|03:00|kedd|-0.3|3|6.835700679783571|null
2023-02-28|03:10|kedd|-0.4|3|6.81195460962166|null
2023-02-28|03:20|kedd|-0.3|3|6.787954782856254|null
2023-02-28|03:30|kedd|-0.4|3|6.7643676007236|null
2023-02-28|03:40|kedd|-0.4|3|6.740526133242418|null
2023-02-28|03:50|kedd|-0.5|3|6.716764005013957|null
2023-02-28|04:00|kedd|-0.5|3|6.692748173619777|null
2023-02-28|04:10|kedd|-0.5|3|6.668812261723748|null
2023-02-28|04:20|kedd|-0.5|3|6.644956003371047|null
2023-02-28|04:30|kedd|-0.4|3|6.621179133491891|null
2023-02-28|04:40|kedd|-0.4|3|6.597814166293141|null
2023-02-28|04:50|kedd|-0.5|3|6.574526952657121|null
2023-02-28|05:00|kedd|-0.5|3|6.550984455442226|null
2023-02-28|05:10|kedd|-0.5|3|6.527520302571599|null
2023-02-28|05:20|kedd|-0.5|3|6.50413423333219|null
2023-02-28|05:30|kedd|-0.5|3|6.480825987878543|null
2023-02-28|05:40|kedd|-0.5|3|6.457595307229914|null
2023-02-28|05:50|kedd|-0.5|3|6.43444193326739|null
2023-02-28|06:00|kedd|-0.6|3|6.411365608731022|null
2023-02-28|06:10|kedd|-0.5|3|6.388033298822419|null
2023-02-28|06:20|kedd|-0.6|3|6.365111412194689|null
2023-02-28|06:30|kedd|-0.6|3|6.34193302625873|null
2023-02-28|06:40|kedd|-0.6|3|6.318831772983372|null
2023-02-28|06:50|kedd|-0.5|3|6.295807395687784|null
2023-02-28|07:00|kedd|-0.4|3|6.273192416939862|null
2023-02-28|07:10|kedd|-0.4|3|6.250985474349693|null
2023-02-28|07:20|kedd|-0.2|3|6.228852431666553|null
2023-02-28|07:30|kedd|-0.1|3|6.207458599756614|null
2023-02-28|07:40|kedd|0.1|3|6.186468740291585|null
2023-02-28|07:50|kedd|0.3|3|6.166214287332997|null
2023-02-28|08:00|kedd|0.6|3|6.146692793606884|null
2023-02-28|08:10|kedd|1.0|3|6.128234598377827|null
2023-02-28|08:20|kedd|1.2|3|6.111168941612707|null
2023-02-28|08:30|kedd|1.4|3|6.094825632455285|null
2023-02-28|08:40|kedd|1.4|3|6.079202267088787|null
2023-02-28|08:50|kedd|1.4|3|6.06363089290673|null
2023-02-28|09:00|kedd|1.6|3|6.048111336893685|null
2023-02-28|09:10|kedd|2.4|3|6.033308983399078|null
2023-02-28|09:20|kedd|2.6|3|6.021218116095166|null
2023-02-28|09:30|kedd|3.3|3|6.00983304137445|null
2023-02-28|09:40|kedd|3.2|3|6.000815302484442|null
2023-02-28|09:50|kedd|3.3|3|5.991494794286589|null
2023-02-28|10:00|kedd|3.3|3|5.982538081120827|null
2023-02-28|10:10|kedd|3.2|3|5.973611173961343|null
2023-02-28|10:20|kedd|4.0|3|5.96438119522564|null
2023-02-28|10:30|kedd|3.8|3|5.957844159021372|null
2023-02-28|10:40|kedd|3.9|3|5.95066331987214|null
2023-02-28|10:50|kedd|3.9|3|5.943839155398692|null
2023-02-28|11:00|kedd|4.4|3|5.937037700270219|null
2023-02-28|11:10|kedd|4.3|3|5.931922770887667|null
2023-02-28|11:20|kedd|4.8|3|5.926492084490449|null
2023-02-28|11:30|kedd|4.4|3|5.922743362216975|null
2023-02-28|11:40|kedd|4.2|3|5.917676001303108|null
2023-02-28|11:50|kedd|4.8|3|5.91195994668244|null
2023-02-28|12:00|kedd|5.5|3|5.908259584223858|null
2023-02-28|12:10|kedd|5.0|3|5.906900984533891|null
2023-02-28|12:20|kedd|5.3|3|5.903883013997422|null
2023-02-28|12:30|kedd|5.3|3|5.901873421798496|null
2023-02-28|12:40|kedd|5.1|3|5.8998705170882255|null
2023-02-28|12:50|kedd|5.2|3|5.8972087208229995|null
2023-02-28|13:00|kedd|5.7|3|5.894888560835199|null
2023-02-28|13:10|kedd|5.6|3|5.894240013811294|null
2023-02-28|13:20|kedd|5.9|3|5.893260846617216|null
2023-02-28|13:30|kedd|6.1|3|5.893283273063649|null
2023-02-28|13:40|kedd|5.7|3|5.893971181668809|null
2023-02-28|13:50|kedd|6.2|3|5.893325687484567|null
2023-02-28|14:00|kedd|6.3|3|5.894346233338246|null
2023-02-28|14:10|kedd|6.0|3|5.895696161430365|null
2023-02-28|14:20|kedd|5.8|3|5.896043262069809|null
2023-02-28|14:30|kedd|5.6|3|5.895723650844222|null
2023-02-28|14:40|kedd|5.8|3|5.894739546426645|null
2023-02-28|14:50|kedd|5.8|3|5.894424273685044|null
2023-02-28|15:00|kedd|6.0|3|5.894110050103012|null
2023-02-28|15:10|kedd|5.8|3|5.894462428978266|null
2023-02-28|15:20|kedd|5.8|3|5.894148078423662|null
2023-02-28|15:30|kedd|5.8|3|5.893834773959786|null
2023-02-28|15:40|kedd|5.8|3|5.893522512105475|null
2023-02-28|15:50|kedd|5.8|3|5.89321128939115|null
2023-02-28|16:00|kedd|5.9|3|5.892901102358777|null
2023-02-28|16:10|kedd|5.9|3|5.8929247259563775|null
2023-02-28|16:20|kedd|5.8|3|5.892948270939749|null
2023-02-28|16:30|kedd|5.8|3|5.892638959175956|null
2023-02-28|16:40|kedd|5.6|3|5.892330676734884|null
2023-02-28|16:50|kedd|5.4|3|5.891357863402075|null
2023-02-28|17:00|kedd|5.3|3|5.889722730592762|null
2023-02-28|17:10|kedd|5.1|3|5.887760260757613|null
2023-02-28|17:20|kedd|5.0|3|5.885138764808979|null
2023-02-28|17:30|kedd|5.0|3|5.882193214237929|null
2023-02-28|17:40|kedd|4.8|3|5.879257465822779|null
2023-02-28|17:50|kedd|4.8|3|5.8756659301549785|null
2023-02-28|18:00|kedd|4.8|3|5.872086346341913|null
2023-02-28|18:10|kedd|4.7|3|5.8685186746103915|null
2023-02-28|18:20|kedd|4.7|3|5.864630096925033|null
2023-02-28|18:30|kedd|4.7|3|5.860754459586067|null
2023-02-28|18:40|kedd|4.6|3|5.856891719530816|null
2023-02-28|18:50|kedd|4.6|3|5.852709055445359|null
2023-02-28|19:00|kedd|4.5|3|5.848540310362295|null
2023-02-28|19:10|kedd|4.5|3|5.844052659567643|null
2023-02-28|19:20|kedd|4.5|3|5.839579942705258|null
2023-02-28|19:30|kedd|4.5|3|5.835122110078241|null
2023-02-28|19:40|kedd|4.4|3|5.830679112155071|null
2023-02-28|19:50|kedd|4.3|3|5.825918121174512|null
2023-02-28|20:00|kedd|4.2|3|5.820840195348755|null
2023-02-28|20:10|kedd|4.2|3|5.815446389368491|null
2023-02-28|20:20|kedd|4.1|3|5.810070532809172|null
2023-02-28|20:30|kedd|4.1|3|5.804379787544457|null
2023-02-28|20:40|kedd|4.1|3|5.798707979850471|null
2023-02-28|20:50|kedd|4.0|3|5.793055046707072|null
2023-02-28|21:00|kedd|4.0|3|5.787088146909284|null
2023-02-28|21:10|kedd|4.0|3|5.781141103664847|null
2023-02-28|21:20|kedd|3.9|3|5.775213850895443|null
2023-02-28|21:30|kedd|3.9|3|5.768973544348097|null
2023-02-28|21:40|kedd|3.9|3|5.762754004192695|null
2023-02-28|21:50|kedd|3.9|3|5.7565551613231705|null
2023-02-28|22:00|kedd|3.8|3|5.750376946863428|null
2023-02-28|22:10|kedd|3.8|3|5.743886513772027|null
2023-02-28|22:20|kedd|3.7|3|5.737417679439668|null
2023-02-28|22:30|kedd|3.7|3|5.730637593595798|null
2023-02-28|22:40|kedd|3.6|3|5.723880070412749|null
2023-02-28|22:50|kedd|3.6|3|5.716812256412311|null
2023-02-28|23:00|kedd|3.6|3|5.709767962569834|null
2023-02-28|23:10|kedd|3.6|3|5.702747110615313|null
2023-02-28|23:20|kedd|3.6|3|5.69574962253921|null
2023-02-28|23:30|kedd|3.5|3|5.688775420591584|null
2023-02-28|23:40|kedd|3.5|3|5.681491648886686|null
2023-02-28|23:50|kedd|3.5|3|5.674232116000329|null
2023-03-01|00:00|szerda|3.5|4|5.666996741270964|null
2023-03-01|00:10|szerda|3.5|4|5.659785444305462|null
2023-03-01|00:20|szerda|3.6|4|5.652598144978228|null
2023-03-01|00:30|szerda|3.6|4|5.6457675418248545|null
2023-03-01|00:40|szerda|3.6|4|5.638959669442992|null
2023-03-01|00:50|szerda|3.6|4|5.632174452189545|null
2023-03-01|01:00|szerda|3.7|4|5.625411814673141|null
2023-03-01|01:10|szerda|3.6|4|5.61900446014784|null
2023-03-01|01:20|szerda|3.6|4|5.612285649519514|null
2023-03-01|01:30|szerda|3.6|4|5.605589197641329|null
2023-03-01|01:40|szerda|3.6|4|5.598915030108197|null
2023-03-01|01:50|szerda|3.5|4|5.592263072762631|null
2023-03-01|02:00|szerda|3.6|4|5.585300473299377|null
2023-03-01|02:10|szerda|3.6|4|5.578693822257383|null
2023-03-01|02:20|szerda|3.6|4|5.572109156722661|null
2023-03-01|02:30|szerda|3.5|4|5.565546403532192|null
2023-03-01|02:40|szerda|3.5|4|5.55867271137188|null
2023-03-01|02:50|szerda|3.4|4|5.551821893373986|null
2023-03-01|03:00|szerda|3.5|4|5.54466109502369|null
2023-03-01|03:10|szerda|3.6|4|5.53785690465773|null
2023-03-01|03:20|szerda|3.4|4|5.531408135561779|null
2023-03-01|03:30|szerda|3.4|4|5.524315269786998|null
2023-03-01|03:40|szerda|3.4|4|5.51724600753707|null
2023-03-01|03:50|szerda|3.5|4|5.510200270264564|null
2023-03-01|04:00|szerda|3.4|4|5.503510758077985|null
2023-03-01|04:10|szerda|3.4|4|5.496510728748115|null
2023-03-01|04:20|szerda|3.4|4|5.489533994003468|null
2023-03-01|04:30|szerda|3.4|4|5.482580476324696|null
2023-03-01|04:40|szerda|3.4|4|5.475650098450419|null
2023-03-01|04:50|szerda|3.4|4|5.468742783376369|null
2023-03-01|05:00|szerda|3.3|4|5.4618584543545285|null
2023-03-01|05:10|szerda|3.4|4|5.454664256497734|null
2023-03-01|05:20|szerda|3.4|4|5.447826777771617|null
2023-03-01|05:30|szerda|3.4|4|5.441012052697431|null
2023-03-01|05:40|szerda|3.4|4|5.4342200055559395|null
2023-03-01|05:50|szerda|3.3|4|5.427450560879883|null
2023-03-01|06:00|szerda|3.4|4|5.420370865058592|null
2023-03-01|06:10|szerda|3.4|4|5.413647507329941|null
2023-03-01|06:20|szerda|3.5|4|5.4069465234831995|null
2023-03-01|06:30|szerda|3.5|4|5.400600617457469|null
2023-03-01|06:40|szerda|3.6|4|5.394275829235931|null
2023-03-01|06:50|szerda|3.7|4|5.388304866937643|null
2023-03-01|07:00|szerda|3.8|4|5.382686553106378|null
2023-03-01|07:10|szerda|3.8|4|5.377419714204229|null
2023-03-01|07:20|szerda|3.9|4|5.372170402204022|null
2023-03-01|07:30|szerda|3.9|4|5.367271337174561|null
2023-03-01|07:40|szerda|4.0|4|5.3623885751750535|null
2023-03-01|07:50|szerda|4.2|4|5.357854840347085|null
2023-03-01|08:00|szerda|4.3|4|5.3540017495981855|null
2023-03-01|08:10|szerda|4.4|4|5.350494259497369|null
2023-03-01|08:20|szerda|4.6|4|5.3473312199603455|null
2023-03-01|08:30|szerda|4.7|4|5.3448442631246085|null
2023-03-01|08:40|szerda|4.8|4|5.342698360738449|null
2023-03-01|08:50|szerda|4.9|4|5.340892377846347|null
2023-03-01|09:00|szerda|5.1|4|5.339425183269667|null
2023-03-01|09:10|szerda|5.3|4|5.33862842798864|null
2023-03-01|09:20|szerda|5.3|4|5.338499880926141|null
2023-03-01|09:30|szerda|5.5|4|5.3383717616404915|null
2023-03-01|09:40|szerda|5.6|4|5.33890962549724|null
2023-03-01|09:50|szerda|5.7|4|5.339778477853828|null
2023-03-01|10:00|szerda|5.8|4|5.340977217252042|null
2023-03-01|10:10|szerda|6.0|4|5.342504745899078|null
2023-03-01|10:20|szerda|6.1|4|5.344692748049902|null
2023-03-01|10:30|szerda|6.1|4|5.347206247396844|null
2023-03-01|10:40|szerda|6.3|4|5.349711382361012|null
2023-03-01|10:50|szerda|6.6|4|5.352873737566361|null
2023-03-01|11:00|szerda|6.8|4|5.35702390432047|null
2023-03-01|11:10|szerda|7.1|4|5.3618258170053785|null
2023-03-01|11:20|szerda|7.4|4|5.367610085145991|null
2023-03-01|11:30|szerda|8.0|4|5.3743734396755904|null
2023-03-01|11:40|szerda|8.0|4|5.383110957589855|null
2023-03-01|11:50|szerda|8.1|4|5.391819398932281|null
2023-03-01|12:00|szerda|8.5|4|5.400831638857966|null
2023-03-01|12:10|szerda|8.3|4|5.4111450015745035|null
2023-03-01|12:20|szerda|8.8|4|5.420758486859074|null
2023-03-01|12:30|szerda|8.9|4|5.432003872514393|null
2023-03-01|12:40|szerda|8.8|4|5.443544614350415|null
2023-03-01|12:50|szerda|8.9|4|5.454714172696489|null
2023-03-01|13:00|szerda|9.2|4|5.466179339560169|null
2023-03-01|13:10|szerda|9.4|4|5.47860468800927|null
2023-03-01|13:20|szerda|9.7|4|5.491654244372381|null
2023-03-01|13:30|szerda|9.9|4|5.505658709814973|null
2023-03-01|13:40|szerda|9.8|4|5.520282128211397|null
2023-03-01|13:50|szerda|9.9|4|5.534524104636305|null
2023-03-01|14:00|szerda|10.1|4|5.549051465235262|null
2023-03-01|14:10|szerda|9.9|4|5.564196038705943|null
2023-03-01|14:20|szerda|10.4|4|5.578624657519072|null
2023-03-01|14:30|szerda|10.5|4|5.594669152978897|null
2023-03-01|14:40|szerda|10.3|4|5.610993034218866|null
2023-03-01|14:50|szerda|10.5|4|5.62659703631982|null
2023-03-01|15:00|szerda|10.5|4|5.642814668462194|null
2023-03-01|15:10|szerda|10.5|4|5.65897833182869|null
2023-03-01|15:20|szerda|10.7|4|5.675088206015736|null
2023-03-01|15:30|szerda|10.8|4|5.6918100268111935|null
2023-03-01|15:40|szerda|10.9|4|5.708808979394417|null
2023-03-01|15:50|szerda|10.7|4|5.7260841415306905|null
2023-03-01|16:00|szerda|10.7|4|5.7426362588706565|null
2023-03-01|16:10|szerda|10.6|4|5.759133294340275|null
2023-03-01|16:20|szerda|10.5|4|5.775242652845562|null
2023-03-01|16:30|szerda|10.4|4|5.790965624491696|null
2023-03-01|16:40|szerda|10.2|4|5.8063034950906625|null
2023-03-01|16:50|szerda|10.0|4|5.820924767780997|null
2023-03-01|17:00|szerda|9.5|4|5.834831827245715|null
2023-03-01|17:10|szerda|8.9|4|5.847028715048479|null
2023-03-01|17:20|szerda|7.8|4|5.857188343876542|null
2023-03-01|17:30|szerda|6.6|4|5.863653601314875|null
2023-03-01|17:40|szerda|5.9|4|5.866104003038728|null
2023-03-01|17:50|szerda|5.7|4|5.866216801593232|null
2023-03-01|18:00|szerda|5.0|4|5.865663667989422|null
2023-03-01|18:10|szerda|4.3|4|5.862782926332904|null
2023-03-01|18:20|szerda|3.9|4|5.857582322400388|null
2023-03-01|18:30|szerda|3.8|4|5.851067911375955|null
2023-03-01|18:40|szerda|3.4|4|5.844242400509396|null
2023-03-01|18:50|szerda|3.4|4|5.836108489890127|null
2023-03-01|19:00|szerda|3.0|4|5.828001647168032|null
2023-03-01|19:10|szerda|2.6|4|5.818590668688804|null
2023-03-01|19:20|szerda|2.6|4|5.80787989433448|null
2023-03-01|19:30|szerda|2.5|4|5.797204763123096|null
2023-03-01|19:40|szerda|2.2|4|5.786232378047426|null
2023-03-01|19:50|szerda|1.9|4|5.774298171515012|null
2023-03-01|20:00|szerda|1.7|4|5.761405344259854|null
2023-03-01|20:10|szerda|1.7|4|5.747889864759153|null
2023-03-01|20:20|szerda|1.1|4|5.734419361854149|null
2023-03-01|20:30|szerda|1.1|4|5.718997015505165|null
2023-03-01|20:40|szerda|1.4|4|5.703625991392762|null
2023-03-01|20:50|szerda|0.8|4|5.689304453911269|null
2023-03-01|21:00|szerda|0.7|4|5.673033905044996|null
2023-03-01|21:10|szerda|0.6|4|5.656484722655476|null
2023-03-01|21:20|szerda|0.0|4|5.639657833974875|null
2023-03-01|21:30|szerda|0.2|4|5.620890271176991|null
2023-03-01|21:40|szerda|-0.5|4|5.602850719562378|null
2023-03-01|21:50|szerda|-0.4|4|5.582541750916177|null
2023-03-01|22:00|szerda|-0.6|4|5.562633144524334|null
2023-03-01|22:10|szerda|-0.6|4|5.542125232884123|null
2023-03-01|22:20|szerda|-0.5|4|5.521685567143024|null
2023-03-01|22:30|szerda|-0.7|4|5.501646698587976|null
2023-03-01|22:40|szerda|-0.8|4|5.481008958268896|null
2023-03-01|22:50|szerda|-0.8|4|5.4601071174961735|null
2023-03-01|23:00|szerda|-0.9|4|5.439274833533605|null
2023-03-01|23:10|szerda|-1.2|4|5.4181790965166075|null
2023-03-01|23:20|szerda|-1.3|4|5.39615522637093|null
2023-03-01|23:30|szerda|-1.4|4|5.373871868512193|null
2023-03-01|23:40|szerda|-1.3|4|5.3513298864594425|null
2023-03-01|23:50|szerda|-1.4|4|5.329195697647213|null
2023-03-02|00:00|csütörtök|-1.7|5|5.306802388238612|null
2023-03-02|00:10|csütörtök|-2.1|5|5.283485263741904|null
2023-03-02|00:20|csütörtök|-2.0|5|5.258914620019558|null
2023-03-02|00:30|csütörtök|-1.9|5|5.234758520485471|null
2023-03-02|00:40|csütörtök|-2.0|5|5.211015585626146|null
2023-03-02|00:50|csütörtök|-2.1|5|5.187018883729717|null
2023-03-02|01:00|csütörtök|-2.0|5|5.162769259278056|null
2023-03-02|01:10|csütörtök|-2.4|5|5.138933110731876|null
2023-03-02|01:20|csütörtök|-2.2|5|5.1138451701599585|null
2023-03-02|01:30|csütörtök|-2.4|5|5.089506273622998|null
2023-03-02|01:40|csütörtök|-2.0|5|5.064582814886089|null
2023-03-02|01:50|csütörtök|-2.3|5|5.041073409613221|null
2023-03-02|02:00|csütörtök|-2.2|5|5.016643903378144|null
2023-03-02|02:10|csütörtök|-2.4|5|4.99262847165626|null
2023-03-02|02:20|csütörtök|-2.6|5|4.968027401313407|null
2023-03-02|02:30|csütörtök|-2.7|5|4.942842641228388|null
2023-03-02|02:40|csütörtök|-2.1|5|4.917408912189104|null
2023-03-02|02:50|csütörtök|-1.8|5|4.894056491472275|null
2023-03-02|03:00|csütörtök|-2.2|5|4.871780117749839|null
2023-03-02|03:10|csütörtök|-2.5|5|4.84824676140805|null
2023-03-02|03:20|csütörtök|-2.3|5|4.823793383808035|null
2023-03-02|03:30|csütörtök|-2.7|5|4.8000869385545055|null
2023-03-02|03:40|csütörtök|-3.2|5|4.775128269650704|null
2023-03-02|03:50|csütörtök|-3.1|5|4.748588765831843|null
2023-03-02|04:00|csütörtök|-3.4|5|4.7224703581422585|null
2023-03-02|04:10|csütörtök|-3.4|5|4.695440531686822|null
2023-03-02|04:20|csütörtök|-3.4|5|4.668500654653913|null
2023-03-02|04:30|csütörtök|-3.3|5|4.641650427711287|null
2023-03-02|04:40|csütörtök|-3.5|5|4.615222330917361|null
2023-03-02|04:50|csütörtök|-3.4|5|4.5882166243305615|null
2023-03-02|05:00|csütörtök|-3.6|5|4.561633565295125|null
2023-03-02|05:10|csütörtök|-3.9|5|4.534473412147673|null
2023-03-02|05:20|csütörtök|-3.8|5|4.506405306938177|null
2023-03-02|05:30|csütörtök|-3.9|5|4.478763384713127|null
2023-03-02|05:40|csütörtök|-4.2|5|4.450880670438529|null
2023-03-02|05:50|csütörtök|-4.2|5|4.422092408629209|null
2023-03-02|06:00|csütörtök|-4.3|5|4.3933999479353565|null
2023-03-02|06:10|csütörtök|-4.1|5|4.364470191157008|null
2023-03-02|06:20|csütörtök|-4.0|5|4.3363022631479105|null
2023-03-02|06:30|csütörtök|-4.1|5|4.308560850311965|null
2023-03-02|06:40|csütörtök|-4.1|5|4.280578976509732|null
2023-03-02|06:50|csütörtök|-3.8|5|4.252690220337904|null
2023-03-02|07:00|csütörtök|-3.5|5|4.225892607104767|null
2023-03-02|07:10|csütörtök|-3.1|5|4.200182505722367|null
2023-03-02|07:20|csütörtök|-2.7|5|4.175889075580773|null
2023-03-02|07:30|csütörtök|-1.9|5|4.153007602304177|null
2023-03-02|07:40|csütörtök|-1.2|5|4.132864500783381|null
2023-03-02|07:50|csütörtök|-0.4|5|4.115117879914271|null
2023-03-02|08:00|csütörtök|0.4|5|4.100092543121558|null
2023-03-02|08:10|csütörtök|0.8|5|4.0877794345597795|null
2023-03-02|08:20|csütörtök|1.7|5|4.076838414941183|null
2023-03-02|08:30|csütörtök|3.0|5|4.06892881022295|null
2023-03-02|08:40|csütörtök|2.5868055555555562|5|4.0653716460894325|4.0653716460894325
2023-03-02|08:50|csütörtök|2.5868055555555562|5|4.060451297591028|4.060451297591028
2023-03-02|09:00|csütörtök|2.5868055555555562|5|4.055547322949362|4.055547322949362
2023-03-02|09:10|csütörtök|2.5868055555555562|5|4.050659667675778|4.050659667675778
2023-03-02|09:20|csütörtök|2.5868055555555562|5|4.045788277462945|4.045788277462945
2023-03-02|09:30|csütörtök|2.5868055555555562|5|4.0409330981842535|4.0409330981842535
2023-03-02|09:40|csütörtök|2.5868055555555562|5|4.036094075893218|4.036094075893218
2023-03-02|09:50|csütörtök|2.5868055555555562|5|4.031271156822875|4.031271156822875
2023-03-02|10:00|csütörtök|2.5868055555555562|5|4.026464287385184|4.026464287385184
2023-03-02|10:10|csütörtök|2.5868055555555562|5|4.0216734141704364|4.0216734141704364
2023-03-02|10:20|csütörtök|2.5868055555555562|5|4.016898483946657|4.016898483946657
2023-03-02|10:30|csütörtök|2.5868055555555562|5|4.012139443659017|4.012139443659017
2023-03-02|10:40|csütörtök|2.5868055555555562|5|4.007396240429243|4.007396240429243
2023-03-02|10:50|csütörtök|2.5868055555555562|5|4.002668821555027|4.002668821555027
2023-03-02|11:00|csütörtök|2.5868055555555562|5|3.997957134509443|3.997957134509443
2023-03-02|11:10|csütörtök|2.5868055555555562|5|3.993261126940366|3.993261126940366
2023-03-02|11:20|csütörtök|2.5868055555555562|5|3.9885807466698857|3.9885807466698857
2023-03-02|11:30|csütörtök|2.5868055555555562|5|3.983915941693728|3.983915941693728
2023-03-02|11:40|csütörtök|2.5868055555555562|5|3.9792666601806785|3.9792666601806785
2023-03-02|11:50|csütörtök|2.5868055555555562|5|3.9746328504720063|3.9746328504720063
2023-03-02|12:00|csütörtök|2.5868055555555562|5|3.970014461080889|3.970014461080889
2023-03-02|12:10|csütörtök|2.5868055555555562|5|3.9654114406918413|3.9654114406918413
2023-03-02|12:20|csütörtök|2.5868055555555562|5|3.960823738160145|3.960823738160145
2023-03-02|12:30|csütörtök|2.5868055555555562|5|3.9562513025112804|3.9562513025112804
2023-03-02|12:40|csütörtök|2.5868055555555562|5|3.9516940829403597|3.9516940829403597
2023-03-02|12:50|csütörtök|2.5868055555555562|5|3.947152028811563|3.947152028811563
2023-03-02|13:00|csütörtök|2.5868055555555562|5|3.9426250896575756|3.9426250896575756
2023-03-02|13:10|csütörtök|2.5868055555555562|5|3.938113215179027|3.938113215179027
2023-03-02|13:20|csütörtök|2.5868055555555562|5|3.9336163552439323|3.9336163552439323
2023-03-02|13:30|csütörtök|2.5868055555555562|5|3.929134459887135|3.929134459887135
2023-03-02|13:40|csütörtök|2.5868055555555562|5|3.924667479309751|3.924667479309751
2023-03-02|13:50|csütörtök|2.5868055555555562|5|3.920215363878617|3.920215363878617
2023-03-02|14:00|csütörtök|2.5868055555555562|5|3.915778064125738|3.915778064125738
2023-03-02|14:10|csütörtök|2.5868055555555562|5|3.9113555307477386|3.9113555307477386
2023-03-02|14:20|csütörtök|2.5868055555555562|5|3.9069477146053124|3.9069477146053124
2023-03-02|14:30|csütörtök|2.5868055555555562|5|3.9025545667226798|3.9025545667226798
2023-03-02|14:40|csütörtök|2.5868055555555562|5|3.898176038287041|3.898176038287041
2023-03-02|14:50|csütörtök|2.5868055555555562|5|3.893812080648035|3.893812080648035
2023-03-02|15:00|csütörtök|2.5868055555555562|5|3.8894626453171988|3.8894626453171988
2023-03-02|15:10|csütörtök|2.5868055555555562|5|3.8851276839674282|3.8851276839674282
2023-03-02|15:20|csütörtök|2.5868055555555562|5|3.8808071484324422|3.8808071484324422
2023-03-02|15:30|csütörtök|2.5868055555555562|5|3.876500990706245|3.876500990706245
2023-03-02|15:40|csütörtök|2.5868055555555562|5|3.872209162942596|3.872209162942596
2023-03-02|15:50|csütörtök|2.5868055555555562|5|3.8679316174544756|3.8679316174544756
2023-03-02|16:00|csütörtök|2.5868055555555562|5|3.8636683067135564|3.8636683067135564
2023-03-02|16:10|csütörtök|2.5868055555555562|5|3.859419183349676|3.859419183349676
2023-03-02|16:20|csütörtök|2.5868055555555562|5|3.8551842001503074|3.8551842001503074
2023-03-02|16:30|csütörtök|2.5868055555555562|5|3.850963310060039|3.850963310060039
2023-03-02|16:40|csütörtök|2.5868055555555562|5|3.8467564661800493|3.8467564661800493
2023-03-02|16:50|csütörtök|2.5868055555555562|5|3.8425636217675843|3.8425636217675843
2023-03-02|17:00|csütörtök|2.5868055555555562|5|3.838384730235441|3.838384730235441
2023-03-02|17:10|csütörtök|2.5868055555555562|5|3.834219745151448|3.834219745151448
2023-03-02|17:20|csütörtök|2.5868055555555562|5|3.830068620237951|3.830068620237951
2023-03-02|17:30|csütörtök|2.5868055555555562|5|3.8259313093712968|3.8259313093712968
2023-03-02|17:40|csütörtök|2.5868055555555562|5|3.8218077665813217|3.8218077665813217
2023-03-02|17:50|csütörtök|2.5868055555555562|5|3.817697946050842|3.817697946050842
2023-03-02|18:00|csütörtök|2.5868055555555562|5|3.8136018021151425|3.8136018021151425
2023-03-02|18:10|csütörtök|2.5868055555555562|5|3.8095192892614707|3.8095192892614707
2023-03-02|18:20|csütörtök|2.5868055555555562|5|3.8054503621285303|3.8054503621285303
2023-03-02|18:30|csütörtök|2.5868055555555562|5|3.8013949755059784|3.8013949755059784
2023-03-02|18:40|csütörtök|2.5868055555555562|5|3.7973530843339214|3.7973530843339214
2023-03-02|18:50|csütörtök|2.5868055555555562|5|3.793324643702416|3.793324643702416
2023-03-02|19:00|csütörtök|2.5868055555555562|5|3.78930960885097|3.78930960885097
2023-03-02|19:10|csütörtök|2.5868055555555562|5|3.785307935168043|3.785307935168043
2023-03-02|19:20|csütörtök|2.5868055555555562|5|3.781319578190553|3.781319578190553
2023-03-02|19:30|csütörtök|2.5868055555555562|5|3.7773444936033815|3.7773444936033815
2023-03-02|19:40|csütörtök|2.5868055555555562|5|3.773382637238881|3.773382637238881
2023-03-02|19:50|csütörtök|2.5868055555555562|5|3.7694339650763844|3.7694339650763844
2023-03-02|20:00|csütörtök|2.5868055555555562|5|3.7654984332417163|3.7654984332417163
2023-03-02|20:10|csütörtök|2.5868055555555562|5|3.7615759980067045|3.7615759980067045
2023-03-02|20:20|csütörtök|2.5868055555555562|5|3.757666615788695|3.757666615788695
2023-03-02|20:30|csütörtök|2.5868055555555562|5|3.7537702431500675|3.7537702431500675
2023-03-02|20:40|csütörtök|2.5868055555555562|5|3.749886836797752|3.749886836797752
2023-03-02|20:50|csütörtök|2.5868055555555562|5|3.7460163535827498|3.7460163535827498
2023-03-02|21:00|csütörtök|2.5868055555555562|5|3.7421587504996516|3.7421587504996516
2023-03-02|21:10|csütörtök|2.5868055555555562|5|3.7383139846861617|3.7383139846861617
2023-03-02|21:20|csütörtök|2.5868055555555562|5|3.7344820134226198|3.7344820134226198
2023-03-02|21:30|csütörtök|2.5868055555555562|5|3.7306627941315282|3.7306627941315282
2023-03-02|21:40|csütörtök|2.5868055555555562|5|3.726856284377078|3.726856284377078
2023-03-02|21:50|csütörtök|2.5868055555555562|5|3.723062441864677|3.723062441864677
2023-03-02|22:00|csütörtök|2.5868055555555562|5|3.71928122444048|3.71928122444048
2023-03-02|22:10|csütörtök|2.5868055555555562|5|3.715512590090922|3.715512590090922
2023-03-02|22:20|csütörtök|2.5868055555555562|5|3.7117564969422485|3.7117564969422485
2023-03-02|22:30|csütörtök|2.5868055555555562|5|3.708012903260053|3.708012903260053
2023-03-02|22:40|csütörtök|2.5868055555555562|5|3.7042817674488115|3.7042817674488115
2023-03-02|22:50|csütörtök|2.5868055555555562|5|3.7005630480514213|3.7005630480514213
2023-03-02|23:00|csütörtök|2.5868055555555562|5|3.696856703748739|3.696856703748739
2023-03-02|23:10|csütörtök|2.5868055555555562|5|3.693162693359124|3.693162693359124
2023-03-02|23:20|csütörtök|2.5868055555555562|5|3.6894809758379776|3.6894809758379776
2023-03-02|23:30|csütörtök|2.5868055555555562|5|3.68581151027729|3.68581151027729
2023-03-02|23:40|csütörtök|2.5868055555555562|5|3.682154255905184|3.682154255905184
2023-03-02|23:50|csütörtök|2.5868055555555562|5|3.6785091720854615|3.6785091720854615
2023-03-03|00:00|péntek|2.5868055555555562|6|3.6748762183171544|3.6748762183171544
2023-03-03|00:10|péntek|2.5868055555555562|6|3.671255354234072|3.671255354234072
2023-03-03|00:20|péntek|2.5868055555555562|6|3.667646539604354|3.667646539604354
2023-03-03|00:30|péntek|2.5868055555555562|6|3.664049734330023|3.664049734330023
2023-03-03|00:40|péntek|2.5868055555555562|6|3.6604648984465387|3.6604648984465387
2023-03-03|00:50|péntek|2.5868055555555562|6|3.656891992122355|3.656891992122355
2023-03-03|01:00|péntek|2.5868055555555562|6|3.6533309756584753|3.6533309756584753
2023-03-03|01:10|péntek|2.5868055555555562|6|3.649781809488014|3.649781809488014
2023-03-03|01:20|péntek|2.5868055555555562|6|3.646244454175754|3.646244454175754
2023-03-03|01:30|péntek|2.5868055555555562|6|3.6427188704177125|3.6427188704177125
2023-03-03|01:40|péntek|2.5868055555555562|6|3.6392050190406993|3.6392050190406993
2023-03-03|01:50|péntek|2.5868055555555562|6|3.635702861001885|3.635702861001885
2023-03-03|02:00|péntek|2.5868055555555562|6|3.632212357388367|3.632212357388367
2023-03-03|02:10|péntek|2.5868055555555562|6|3.6287334694167352|3.6287334694167352
2023-03-03|02:20|péntek|2.5868055555555562|6|3.6252661584326438|3.6252661584326438
2023-03-03|02:30|péntek|2.5868055555555562|6|3.621810385910379|3.621810385910379
2023-03-03|02:40|péntek|2.5868055555555562|6|3.6183661134524336|3.6183661134524336
2023-03-03|02:50|péntek|2.5868055555555562|6|3.614933302789077|3.614933302789077
2023-03-03|03:00|péntek|2.5868055555555562|6|3.6115119157779345|3.6115119157779345
2023-03-03|03:10|péntek|2.5868055555555562|6|3.6081019144035587|3.6081019144035587
2023-03-03|03:20|péntek|2.5868055555555562|6|3.6047032607770104|3.6047032607770104
2023-03-03|03:30|péntek|2.5868055555555562|6|3.601315917135437|3.601315917135437
2023-03-03|03:40|péntek|2.5868055555555562|6|3.5979398458416516|3.5979398458416516
2023-03-03|03:50|péntek|2.5868055555555562|6|3.5945750093837168|3.5945750093837168
2023-03-03|04:00|péntek|2.5868055555555562|6|3.5912213703745257|3.5912213703745257
2023-03-03|04:10|péntek|2.5868055555555562|6|3.587878891551388|3.587878891551388
2023-03-03|04:20|péntek|2.5868055555555562|6|3.5845475357756165|3.5845475357756165
2023-03-03|04:30|péntek|2.5868055555555562|6|3.581227266032112|3.581227266032112
2023-03-03|04:40|péntek|2.5868055555555562|6|3.5779180454289548|3.5779180454289548
2023-03-03|04:50|péntek|2.5868055555555562|6|3.574619837196993|3.574619837196993
2023-03-03|05:00|péntek|2.5868055555555562|6|3.5713326046894336|3.5713326046894336
2023-03-03|05:10|péntek|2.5868055555555562|6|3.5680563113814383|3.5680563113814383
2023-03-03|05:20|péntek|2.5868055555555562|6|3.564790920869714|3.564790920869714
2023-03-03|05:30|péntek|2.5868055555555562|6|3.5615363968721105|3.5615363968721105
2023-03-03|05:40|péntek|2.5868055555555562|6|3.5582927032272162|3.5582927032272162
2023-03-03|05:50|péntek|2.5868055555555562|6|3.5550598038939576|3.5550598038939576
2023-03-03|06:00|péntek|2.5868055555555562|6|3.5518376629511974|3.5518376629511974
2023-03-03|06:10|péntek|2.5868055555555562|6|3.5486262445973367|3.5486262445973367
2023-03-03|06:20|péntek|2.5868055555555562|6|3.545425513149916|3.545425513149916
2023-03-03|06:30|péntek|2.5868055555555562|6|3.54223543304522|3.54223543304522
2023-03-03|06:40|péntek|2.5868055555555562|6|3.539055968837881|3.539055968837881
2023-03-03|06:50|péntek|2.5868055555555562|6|3.5358870852004864|3.5358870852004864
2023-03-03|07:00|péntek|2.5868055555555562|6|3.5327287469231856|3.5327287469231856
2023-03-03|07:10|péntek|2.5868055555555562|6|3.5295809189132985|3.5295809189132985
2023-03-03|07:20|péntek|2.5868055555555562|6|3.5264435661949256|3.5264435661949256
2023-03-03|07:30|péntek|2.5868055555555562|6|3.52331665390856|3.52331665390856
2023-03-03|07:40|péntek|2.5868055555555562|6|3.5202001473107|3.5202001473107
2023-03-03|07:50|péntek|2.5868055555555562|6|3.5170940117734624|3.5170940117734624
2023-03-03|08:00|péntek|2.5868055555555562|6|3.513998212784198|3.513998212784198
2023-03-03|08:10|péntek|2.5868055555555562|6|3.510912715945109|3.510912715945109
2023-03-03|08:20|péntek|2.5868055555555562|6|3.507837486972864|3.507837486972864
2023-03-03|08:30|péntek|2.5868055555555562|6|3.504772491698222|3.504772491698222
2023-03-03|08:40|péntek|2.5868055555555562|6|3.501717696065648|3.501717696065648
2023-03-03|08:50|péntek|2.5868055555555562|6|3.4986730661329366|3.4986730661329366
2023-03-03|09:00|péntek|2.5868055555555562|6|3.4956385680708353|3.4956385680708353
2023-03-03|09:10|péntek|2.5868055555555562|6|3.4926141681626675|3.4926141681626675
2023-03-03|09:20|péntek|2.5868055555555562|6|3.489599832803959|3.489599832803959
2023-03-03|09:30|péntek|2.5868055555555562|6|3.4865955285020633|3.4865955285020633
2023-03-03|09:40|péntek|2.5868055555555562|6|3.483601221875791|3.483601221875791
2023-03-03|09:50|péntek|2.5868055555555562|6|3.480616879655037|3.480616879655037
2023-03-03|10:00|péntek|2.5868055555555562|6|3.4776424686804135|3.4776424686804135
2023-03-03|10:10|péntek|2.5868055555555562|6|3.4746779559028784|3.4746779559028784
2023-03-03|10:20|péntek|2.5868055555555562|6|3.4717233083833707|3.4717233083833707
2023-03-03|10:30|péntek|2.5868055555555562|6|3.468778493292443|3.468778493292443
2023-03-03|10:40|péntek|2.5868055555555562|6|3.465843477909897|3.465843477909897
2023-03-03|10:50|péntek|2.5868055555555562|6|3.462918229624421|3.462918229624421
2023-03-03|11:00|péntek|2.5868055555555562|6|3.460002715933226|3.460002715933226
2023-03-03|11:10|péntek|2.5868055555555562|6|3.457096904441685|3.457096904441685
2023-03-03|11:20|péntek|2.5868055555555562|6|3.4542007628629747|3.4542007628629747
2023-03-03|11:30|péntek|2.5868055555555562|6|3.4513142590177135|3.4513142590177135
2023-03-03|11:40|péntek|2.5868055555555562|6|3.448437360833607|3.448437360833607
2023-03-03|11:50|péntek|2.5868055555555562|6|3.4455700363450905|3.4455700363450905
2023-03-03|12:00|péntek|2.5868055555555562|6|3.4427122536929735|3.4427122536929735
2023-03-03|12:10|péntek|2.5868055555555562|6|3.439863981124086|3.439863981124086
2023-03-03|12:20|péntek|2.5868055555555562|6|3.437025186990925|3.437025186990925
2023-03-03|12:30|péntek|2.5868055555555562|6|3.4341958397513053|3.4341958397513053
2023-03-03|12:40|péntek|2.5868055555555562|6|3.4313759079680057|3.4313759079680057
2023-03-03|12:50|péntek|2.5868055555555562|6|3.428565360308422|3.428565360308422
2023-03-03|13:00|péntek|2.5868055555555562|6|3.425764165544218|3.425764165544218
2023-03-03|13:10|péntek|2.5868055555555562|6|3.4229722925509782|3.4229722925509782
2023-03-03|13:20|péntek|2.5868055555555562|6|3.4201897103078633|3.4201897103078633
2023-03-03|13:30|péntek|2.5868055555555562|6|3.417416387897264|3.417416387897264
2023-03-03|13:40|péntek|2.5868055555555562|6|3.414652294504458|3.414652294504458
2023-03-03|13:50|péntek|2.5868055555555562|6|3.4118973994172688|3.4118973994172688
2023-03-03|14:00|péntek|2.5868055555555562|6|3.409151672025722|3.409151672025722
2023-03-03|14:10|péntek|2.5868055555555562|6|3.406415081821707|3.406415081821707
2023-03-03|14:20|péntek|2.5868055555555562|6|3.4036875983986388|3.4036875983986388
2023-03-03|14:30|péntek|2.5868055555555562|6|3.400969191451117|3.400969191451117
2023-03-03|14:40|péntek|2.5868055555555562|6|3.398259830774593|3.398259830774593
2023-03-03|14:50|péntek|2.5868055555555562|6|3.3955594862650305|3.3955594862650305
2023-03-03|15:00|péntek|2.5868055555555562|6|3.3928681279185744|3.3928681279185744
2023-03-03|15:10|péntek|2.5868055555555562|6|3.390185725831215|3.390185725831215
2023-03-03|15:20|péntek|2.5868055555555562|6|3.387512250198457|3.387512250198457
2023-03-03|15:30|péntek|2.5868055555555562|6|3.3848476713149886|3.3848476713149886
2023-03-03|15:40|péntek|2.5868055555555562|6|3.3821919595743504|3.3821919595743504
2023-03-03|15:50|péntek|2.5868055555555562|6|3.379545085468606|3.379545085468606
2023-03-03|16:00|péntek|2.5868055555555562|6|3.3769070195880166|3.3769070195880166
2023-03-03|16:10|péntek|2.5868055555555562|6|3.374277732620712|3.374277732620712
2023-03-03|16:20|péntek|2.5868055555555562|6|3.371657195352365|3.371657195352365
2023-03-03|16:30|péntek|2.5868055555555562|6|3.369045378665868|3.369045378665868
2023-03-03|16:40|péntek|2.5868055555555562|6|3.366442253541009|3.366442253541009
2023-03-03|16:50|péntek|2.5868055555555562|6|3.363847791054148|3.363847791054148
2023-03-03|17:00|péntek|2.5868055555555562|6|3.3612619623778985|3.3612619623778985
2023-03-03|17:10|péntek|2.5868055555555562|6|3.3586847387808034|3.3586847387808034
2023-03-03|17:20|péntek|2.5868055555555562|6|3.356116091627019|3.356116091627019
2023-03-03|17:30|péntek|2.5868055555555562|6|3.3535559923759943|3.3535559923759943
2023-03-03|17:40|péntek|2.5868055555555562|6|3.351004412582156|3.351004412582156
2023-03-03|17:50|péntek|2.5868055555555562|6|3.3484613238945915|3.3484613238945915
2023-03-03|18:00|péntek|2.5868055555555562|6|3.3459266980567333|3.3459266980567333
2023-03-03|18:10|péntek|2.5868055555555562|6|3.343400506906046|3.343400506906046
2023-03-03|18:20|péntek|2.5868055555555562|6|3.340882722373713|3.340882722373713
2023-03-03|18:30|péntek|2.5868055555555562|6|3.338373316484325|3.338373316484325
2023-03-03|18:40|péntek|2.5868055555555562|6|3.335872261355568|3.335872261355568
2023-03-03|18:50|péntek|2.5868055555555562|6|3.3333795291979156|3.3333795291979156
2023-03-03|19:00|péntek|2.5868055555555562|6|3.330895092314318|3.330895092314318
2023-03-03|19:10|péntek|2.5868055555555562|6|3.328418923099895|3.328418923099895
2023-03-03|19:20|péntek|2.5868055555555562|6|3.32595099404163|3.32595099404163
2023-03-03|19:30|péntek|2.5868055555555562|6|3.323491277718064|3.323491277718064
2023-03-03|19:40|péntek|2.5868055555555562|6|3.3210397467989896|3.3210397467989896
2023-03-03|19:50|péntek|2.5868055555555562|6|3.31859637404515|3.31859637404515
2023-03-03|20:00|péntek|2.5868055555555562|6|3.3161611323079327|3.3161611323079327
2023-03-03|20:10|péntek|2.5868055555555562|6|3.3137339945290725|3.3137339945290725
2023-03-03|20:20|péntek|2.5868055555555562|6|3.311314933740346|3.311314933740346
2023-03-03|20:30|péntek|2.5868055555555562|6|3.308903923063275|3.308903923063275
2023-03-03|20:40|péntek|2.5868055555555562|6|3.306500935708828|3.306500935708828
2023-03-03|20:50|péntek|2.5868055555555562|6|3.3041059449771204|3.3041059449771204
2023-03-03|21:00|péntek|2.5868055555555562|6|3.301718924257119|3.301718924257119
2023-03-03|21:10|péntek|2.5868055555555562|6|3.299339847026347|3.299339847026347
2023-03-03|21:20|péntek|2.5868055555555562|6|3.296968686850589|3.296968686850589
2023-03-03|21:30|péntek|2.5868055555555562|6|3.294605417383596|3.294605417383596
2023-03-03|21:40|péntek|2.5868055555555562|6|3.292250012366794|3.292250012366794
2023-03-03|21:50|péntek|2.5868055555555562|6|3.289902445628992|3.289902445628992
2023-03-03|22:00|péntek|2.5868055555555562|6|3.287562691086091|3.287562691086091
2023-03-03|22:10|péntek|2.5868055555555562|6|3.285230722740794|3.285230722740794
2023-03-03|22:20|péntek|2.5868055555555562|6|3.282906514682318|3.282906514682318
2023-03-03|22:30|péntek|2.5868055555555562|6|3.2805900410861053|3.2805900410861053
2023-03-03|22:40|péntek|2.5868055555555562|6|3.278281276213536|3.278281276213536
2023-03-03|22:50|péntek|2.5868055555555562|6|3.2759801944116433|3.2759801944116433
2023-03-03|23:00|péntek|2.5868055555555562|6|3.2736867701128283|3.2736867701128283
2023-03-03|23:10|péntek|2.5868055555555562|6|3.271400977834575|3.271400977834575
2023-03-03|23:20|péntek|2.5868055555555562|6|3.269122792179168|3.269122792179168
2023-03-03|23:30|péntek|2.5868055555555562|6|3.26685218783341|3.26685218783341
2023-03-03|23:40|péntek|2.5868055555555562|6|3.26458913956834|3.26458913956834
2023-03-03|23:50|péntek|2.5868055555555562|6|3.2623336222389545|3.2623336222389545
2023-03-04|00:00|szombat|2.5868055555555562|7|3.2600856107839267|3.2600856107839267
2023-03-04|00:10|szombat|2.5868055555555562|7|3.2578450802253283|3.2578450802253283
2023-03-04|00:20|szombat|2.5868055555555562|7|3.2556120056683517|3.2556120056683517
2023-03-04|00:30|szombat|2.5868055555555562|7|3.2533863623010353|3.2533863623010353
2023-03-04|00:40|szombat|2.5868055555555562|7|3.251168125393985|3.251168125393985
2023-03-04|00:50|szombat|2.5868055555555562|7|3.248957270300101|3.248957270300101
2023-03-04|01:00|szombat|2.5868055555555562|7|3.246753772454304|3.246753772454304
2023-03-04|01:10|szombat|2.5868055555555562|7|3.2445576073732623|3.2445576073732623
2023-03-04|01:20|szombat|2.5868055555555562|7|3.242368750655119|3.242368750655119
2023-03-04|01:30|szombat|2.5868055555555562|7|3.2401871779792213|3.2401871779792213
2023-03-04|01:40|szombat|2.5868055555555562|7|3.2380128651058504|3.2380128651058504
2023-03-04|01:50|szombat|2.5868055555555562|7|3.235845787875952|3.235845787875952
2023-03-04|02:00|szombat|2.5868055555555562|7|3.2336859222108676|3.2336859222108676
2023-03-04|02:10|szombat|2.5868055555555562|7|3.231533244112068|3.231533244112068
2023-03-04|02:20|szombat|2.5868055555555562|7|3.2293877296608855|3.2293877296608855
2023-03-04|02:30|szombat|2.5868055555555562|7|3.227249355018248|3.227249355018248
2023-03-04|02:40|szombat|2.5868055555555562|7|3.225118096424416|3.225118096424416
2023-03-04|02:50|szombat|2.5868055555555562|7|3.222993930198716|3.222993930198716
2023-03-04|03:00|szombat|2.5868055555555562|7|3.22087683273928|3.22087683273928
2023-03-04|03:10|szombat|2.5868055555555562|7|3.2187667805227798|3.2187667805227798
2023-03-04|03:20|szombat|2.5868055555555562|7|3.21666375010417|3.21666375010417
2023-03-04|03:30|szombat|2.5868055555555562|7|3.214567718116424|3.214567718116424
2023-03-04|03:40|szombat|2.5868055555555562|7|3.212478661270276|3.212478661270276
2023-03-04|03:50|szombat|2.5868055555555562|7|3.210396556353962|3.210396556353962
2023-03-04|04:00|szombat|2.5868055555555562|7|3.2083213802329613|3.2083213802329613
2023-03-04|04:10|szombat|2.5868055555555562|7|3.20625310984974|3.20625310984974
2023-03-04|04:20|szombat|2.5868055555555562|7|3.204191722223495|3.204191722223495
2023-03-04|04:30|szombat|2.5868055555555562|7|3.202137194449898|3.202137194449898
2023-03-04|04:40|szombat|2.5868055555555562|7|3.2000895037008417|3.2000895037008417
2023-03-04|04:50|szombat|2.5868055555555562|7|3.198048627224185|3.198048627224185
2023-03-04|05:00|szombat|2.5868055555555562|7|3.1960145423435025|3.1960145423435025
2023-03-04|05:10|szombat|2.5868055555555562|7|3.1939872264578293|3.1939872264578293
2023-03-04|05:20|szombat|2.5868055555555562|7|3.191966657041413|3.191966657041413
2023-03-04|05:30|szombat|2.5868055555555562|7|3.1899528116434617|3.1899528116434617
2023-03-04|05:40|szombat|2.5868055555555562|7|3.187945667887894|3.187945667887894
2023-03-04|05:50|szombat|2.5868055555555562|7|3.1859452034730924|3.1859452034730924
2023-03-04|06:00|szombat|2.5868055555555562|7|3.183951396171654|3.183951396171654
2023-03-04|06:10|szombat|2.5868055555555562|7|3.1819642238301435|3.1819642238301435
2023-03-04|06:20|szombat|2.5868055555555562|7|3.179983664368848|3.179983664368848
2023-03-04|06:30|szombat|2.5868055555555562|7|3.178009695781531|3.178009695781531
2023-03-04|06:40|szombat|2.5868055555555562|7|3.1760422961351873|3.1760422961351873
2023-03-04|06:50|szombat|2.5868055555555562|7|3.1740814435698015|3.1740814435698015
2023-03-04|07:00|szombat|2.5868055555555562|7|3.172127116298102|3.172127116298102
2023-03-04|07:10|szombat|2.5868055555555562|7|3.1701792926053214|3.1701792926053214
2023-03-04|07:20|szombat|2.5868055555555562|7|3.1682379508489547|3.1682379508489547
2023-03-04|07:30|szombat|2.5868055555555562|7|3.1663030694585172|3.1663030694585172
2023-03-04|07:40|szombat|2.5868055555555562|7|3.1643746269353072|3.1643746269353072
2023-03-04|07:50|szombat|2.5868055555555562|7|3.162452601852166|3.162452601852166
2023-03-04|08:00|szombat|2.5868055555555562|7|3.160536972853239|3.160536972853239
2023-03-04|08:10|szombat|2.5868055555555562|7|3.15862771865374|3.15862771865374
2023-03-04|08:20|szombat|2.5868055555555562|7|3.1567248180397143|3.1567248180397143
2023-03-04|08:30|szombat|2.5868055555555562|7|3.1548282498678013|3.1548282498678013
2023-03-04|08:40|szombat|2.5868055555555562|7|3.1529379930650023|3.1529379930650023
2023-03-04|08:50|szombat|2.5868055555555562|7|3.1510540266284446|3.1510540266284446
2023-03-04|09:00|szombat|2.5868055555555562|7|3.1491763296251483|3.1491763296251483
2023-03-04|09:10|szombat|2.5868055555555562|7|3.1473048811917943|3.1473048811917943
2023-03-04|09:20|szombat|2.5868055555555562|7|3.1454396605344916|3.1454396605344916
2023-03-04|09:30|szombat|2.5868055555555562|7|3.143580646928547|3.143580646928547
2023-03-04|09:40|szombat|2.5868055555555562|7|3.141727819718235|3.141727819718235
2023-03-04|09:50|szombat|2.5868055555555562|7|3.139881158316567|3.139881158316567
2023-03-04|10:00|szombat|2.5868055555555562|7|3.138040642205064|3.138040642205064
2023-03-04|10:10|szombat|2.5868055555555562|7|3.1362062509335282|3.1362062509335282
2023-03-04|10:20|szombat|2.5868055555555562|7|3.1343779641198157|3.1343779641198157
2023-03-04|10:30|szombat|2.5868055555555562|7|3.1325557614496096|3.1325557614496096
2023-03-04|10:40|szombat|2.5868055555555562|7|3.1307396226761948|3.1307396226761948
2023-03-04|10:50|szombat|2.5868055555555562|7|3.1289295276202327|3.1289295276202327
2023-03-04|11:00|szombat|2.5868055555555562|7|3.1271254561695376|3.1271254561695376
2023-03-04|11:10|szombat|2.5868055555555562|7|3.125327388278853|3.125327388278853
2023-03-04|11:20|szombat|2.5868055555555562|7|3.1235353039696276|3.1235353039696276
2023-03-04|11:30|szombat|2.5868055555555562|7|3.1217491833297957|3.1217491833297957
2023-03-04|11:40|szombat|2.5868055555555562|7|3.1199690065135535|3.1199690065135535
2023-03-04|11:50|szombat|2.5868055555555562|7|3.1181947537411405|3.1181947537411405
2023-03-04|12:00|szombat|2.5868055555555562|7|3.116426405298619|3.116426405298619
2023-03-04|12:10|szombat|2.5868055555555562|7|3.1146639415376542|3.1146639415376542
2023-03-04|12:20|szombat|2.5868055555555562|7|3.112907342875298|3.112907342875298
2023-03-04|12:30|szombat|2.5868055555555562|7|3.1111565897937687|3.1111565897937687
2023-03-04|12:40|szombat|2.5868055555555562|7|3.1094116628402366|3.1094116628402366
2023-03-04|12:50|szombat|2.5868055555555562|7|3.1076725426266067|3.1076725426266067
2023-03-04|13:00|szombat|2.5868055555555562|7|3.1059392098293026|3.1059392098293026
2023-03-04|13:10|szombat|2.5868055555555562|7|3.1042116451890536|3.1042116451890536
2023-03-04|13:20|szombat|2.5868055555555562|7|3.102489829510679|3.102489829510679
2023-03-04|13:30|szombat|2.5868055555555562|7|3.1007737436628764|3.1007737436628764
2023-03-04|13:40|szombat|2.5868055555555562|7|3.0990633685780073|3.0990633685780073
2023-03-04|13:50|szombat|2.5868055555555562|7|3.097358685251886|3.097358685251886
2023-03-04|14:00|szombat|2.5868055555555562|7|3.09565967474357|3.09565967474357
2023-03-04|14:10|szombat|2.5868055555555562|7|3.0939663181751462|3.0939663181751462
2023-03-04|14:20|szombat|2.5868055555555562|7|3.092278596731525|3.092278596731525
2023-03-04|14:30|szombat|2.5868055555555562|7|3.090596491660228|3.090596491660228
2023-03-04|14:40|szombat|2.5868055555555562|7|3.0889199842711825|3.0889199842711825
2023-03-04|14:50|szombat|2.5868055555555562|7|3.0872490559365104|3.0872490559365104
2023-03-04|15:00|szombat|2.5868055555555562|7|3.0855836880903245|3.0855836880903245
2023-03-04|15:10|szombat|2.5868055555555562|7|3.0839238622285206|3.0839238622285206
2023-03-04|15:20|szombat|2.5868055555555562|7|3.0822695599085717|3.0822695599085717
2023-03-04|15:30|szombat|2.5868055555555562|7|3.080620762749324|3.080620762749324
2023-03-04|15:40|szombat|2.5868055555555562|7|3.078977452430792|3.078977452430792
2023-03-04|15:50|szombat|2.5868055555555562|7|3.0773396106939557|3.0773396106939557
2023-03-04|16:00|szombat|2.5868055555555562|7|3.0757072193405564|3.0757072193405564
2023-03-04|16:10|szombat|2.5868055555555562|7|3.0740802602328956|3.0740802602328956
2023-03-04|16:20|szombat|2.5868055555555562|7|3.0724587152936333|3.0724587152936333
2023-03-04|16:30|szombat|2.5868055555555562|7|3.070842566505587|3.070842566505587
2023-03-04|16:40|szombat|2.5868055555555562|7|3.069231795911531|3.069231795911531
2023-03-04|16:50|szombat|2.5868055555555562|7|3.067626385613998|3.067626385613998
2023-03-04|17:00|szombat|2.5868055555555562|7|3.0660263177750786|3.0660263177750786
2023-03-04|17:10|szombat|2.5868055555555562|7|3.064431574616225|3.064431574616225
2023-03-04|17:20|szombat|2.5868055555555562|7|3.0628421384180533|3.0628421384180533
2023-03-04|17:30|szombat|2.5868055555555562|7|3.0612579915201437|3.0612579915201437
2023-03-04|17:40|szombat|2.5868055555555562|7|3.0596791163208485|3.0596791163208485
2023-03-04|17:50|szombat|2.5868055555555562|7|3.0581054952770934|3.0581054952770934
2023-03-04|18:00|szombat|2.5868055555555562|7|3.056537110904184|3.056537110904184
2023-03-04|18:10|szombat|2.5868055555555562|7|3.054973945775611|3.054973945775611
2023-03-04|18:20|szombat|2.5868055555555562|7|3.053415982522857|3.053415982522857
2023-03-04|18:30|szombat|2.5868055555555562|7|3.0518632038352034|3.0518632038352034
2023-03-04|18:40|szombat|2.5868055555555562|7|3.0503155924595373|3.0503155924595373
2023-03-04|18:50|szombat|2.5868055555555562|7|3.0487731312001607|3.0487731312001607
2023-03-04|19:00|szombat|2.5868055555555562|7|3.0472358029185997|3.0472358029185997
2023-03-04|19:10|szombat|2.5868055555555562|7|3.045703590533413|3.045703590533413
2023-03-04|19:20|szombat|2.5868055555555562|7|3.044176477020003|3.044176477020003
2023-03-04|19:30|szombat|2.5868055555555562|7|3.0426544454104256|3.0426544454104256
2023-03-04|19:40|szombat|2.5868055555555562|7|3.0411374787932033|3.0411374787932033
2023-03-04|19:50|szombat|2.5868055555555562|7|3.0396255603131355|3.0396255603131355
2023-03-04|20:00|szombat|2.5868055555555562|7|3.0381186731711125|3.0381186731711125
2023-03-04|20:10|szombat|2.5868055555555562|7|3.0366168006239285|3.0366168006239285
2023-03-04|20:20|szombat|2.5868055555555562|7|3.035119925984095|3.035119925984095
2023-03-04|20:30|szombat|2.5868055555555562|7|3.0336280326196565|3.0336280326196565
2023-03-04|20:40|szombat|2.5868055555555562|7|3.0321411039540047|3.0321411039540047
2023-03-04|20:50|szombat|2.5868055555555562|7|3.030659123465694|3.030659123465694
2023-03-04|21:00|szombat|2.5868055555555562|7|3.02918207468826|3.02918207468826
2023-03-04|21:10|szombat|2.5868055555555562|7|3.0277099412100346|3.0277099412100346
2023-03-04|21:20|szombat|2.5868055555555562|7|3.0262427066739632|3.0262427066739632
2023-03-04|21:30|szombat|2.5868055555555562|7|3.0247803547774255|3.0247803547774255
2023-03-04|21:40|szombat|2.5868055555555562|7|3.0233228692720515|3.0233228692720515
2023-03-04|21:50|szombat|2.5868055555555562|7|3.021870233963543|3.021870233963543
2023-03-04|22:00|szombat|2.5868055555555562|7|3.020422432711493|3.020422432711493
2023-03-04|22:10|szombat|2.5868055555555562|7|3.0189794494292057|3.0189794494292057
2023-03-04|22:20|szombat|2.5868055555555562|7|3.017541268083519|3.017541268083519
2023-03-04|22:30|szombat|2.5868055555555562|7|3.016107872694625|3.016107872694625
2023-03-04|22:40|szombat|2.5868055555555562|7|3.0146792473358937|3.0146792473358937
2023-03-04|22:50|szombat|2.5868055555555562|7|3.0132553761336953|3.0132553761336953
2023-03-04|23:00|szombat|2.5868055555555562|7|3.011836243267224|3.011836243267224
2023-03-04|23:10|szombat|2.5868055555555562|7|3.010421832968322|3.010421832968322
2023-03-04|23:20|szombat|2.5868055555555562|7|3.009012129521305|3.009012129521305
2023-03-04|23:30|szombat|2.5868055555555562|7|3.007607117262787|3.007607117262787
2023-03-04|23:40|szombat|2.5868055555555562|7|3.0062067805815063|3.0062067805815063
2023-03-04|23:50|szombat|2.5868055555555562|7|3.0048111039181515|3.0048111039181515
2023-03-05|00:00|vasárnap|2.5868055555555562|8|3.0034200717651904|3.0034200717651904
2023-03-05|00:10|vasárnap|2.5868055555555562|8|3.0020336686666953|3.0020336686666953
2023-03-05|00:20|vasárnap|2.5868055555555562|8|3.0006518792181733|3.0006518792181733
2023-03-05|00:30|vasárnap|2.5868055555555562|8|2.9992746880663943|2.9992746880663943
2023-03-05|00:40|vasárnap|2.5868055555555562|8|2.99790207990922|2.99790207990922
2023-03-05|00:50|vasárnap|2.5868055555555562|8|2.9965340394954345|2.9965340394954345
2023-03-05|01:00|vasárnap|2.5868055555555562|8|2.995170551624575|2.995170551624575
2023-03-05|01:10|vasárnap|2.5868055555555562|8|2.9938116011467617|2.9938116011467617
2023-03-05|01:20|vasárnap|2.5868055555555562|8|2.9924571729625313|2.9924571729625313
2023-03-05|01:30|vasárnap|2.5868055555555562|8|2.9911072520226676|2.9911072520226676
2023-03-05|01:40|vasárnap|2.5868055555555562|8|2.989761823328035|2.989761823328035
2023-03-05|01:50|vasárnap|2.5868055555555562|8|2.9884208719294127|2.9884208719294127
2023-03-05|02:00|vasárnap|2.5868055555555562|8|2.987084382927326|2.987084382927326
2023-03-05|02:10|vasárnap|2.5868055555555562|8|2.9857523414718843|2.9857523414718843
2023-03-05|02:20|vasárnap|2.5868055555555562|8|2.9844247327626126|2.9844247327626126
2023-03-05|02:30|vasárnap|2.5868055555555562|8|2.9831015420482894|2.9831015420482894
2023-03-05|02:40|vasárnap|2.5868055555555562|8|2.981782754626782|2.981782754626782
2023-03-05|02:50|vasárnap|2.5868055555555562|8|2.9804683558448835|2.9804683558448835
2023-03-05|03:00|vasárnap|2.5868055555555562|8|2.9791583310981493|2.9791583310981493
2023-03-05|03:10|vasárnap|2.5868055555555562|8|2.9778526658307354|2.9778526658307354
2023-03-05|03:20|vasárnap|2.5868055555555562|8|2.9765513455352366|2.9765513455352366
2023-03-05|03:30|vasárnap|2.5868055555555562|8|2.975254355752525|2.975254355752525
2023-03-05|03:40|vasárnap|2.5868055555555562|8|2.9739616820715895|2.9739616820715895
2023-03-05|03:50|vasárnap|2.5868055555555562|8|2.9726733101293767|2.9726733101293767
2023-03-05|04:00|vasárnap|2.5868055555555562|8|2.9713892256106287|2.9713892256106287
2023-03-05|04:10|vasárnap|2.5868055555555562|8|2.9701094142477267|2.9701094142477267
2023-03-05|04:20|vasárnap|2.5868055555555562|8|2.9688338618205314|2.9688338618205314
2023-03-05|04:30|vasárnap|2.5868055555555562|8|2.967562554156225|2.967562554156225
2023-03-05|04:40|vasárnap|2.5868055555555562|8|2.9662954771291536|2.9662954771291536
2023-03-05|04:50|vasárnap|2.5868055555555562|8|2.965032616660671|2.965032616660671
2023-03-05|05:00|vasárnap|2.5868055555555562|8|2.9637739587189804|2.9637739587189804
2023-03-05|05:10|vasárnap|2.5868055555555562|8|2.9625194893189812|2.9625194893189812
2023-03-05|05:20|vasárnap|2.5868055555555562|8|2.9612691945221115|2.9612691945221115
2023-03-05|05:30|vasárnap|2.5868055555555562|8|2.960023060436194|2.960023060436194
2023-03-05|05:40|vasárnap|2.5868055555555562|8|2.958781073215281|2.958781073215281
2023-03-05|05:50|vasárnap|2.5868055555555562|8|2.957543219059503|2.957543219059503
2023-03-05|06:00|vasárnap|2.5868055555555562|8|2.956309484214911|2.956309484214911
2023-03-05|06:10|vasárnap|2.5868055555555562|8|2.9550798549733277|2.9550798549733277
2023-03-05|06:20|vasárnap|2.5868055555555562|8|2.9538543176721936|2.9538543176721936
2023-03-05|06:30|vasárnap|2.5868055555555562|8|2.9526328586944146|2.9526328586944146
2023-03-05|06:40|vasárnap|2.5868055555555562|8|2.9514154644682122|2.9514154644682122
2023-03-05|06:50|vasárnap|2.5868055555555562|8|2.950202121466971|2.950202121466971
2023-03-05|07:00|vasárnap|2.5868055555555562|8|2.9489928162090897|2.9489928162090897
2023-03-05|07:10|vasárnap|2.5868055555555562|8|2.947787535257831|2.947787535257831
2023-03-05|07:20|vasárnap|2.5868055555555562|8|2.946586265221171|2.946586265221171
2023-03-05|07:30|vasárnap|2.5868055555555562|8|2.9453889927516537|2.9453889927516537
2023-03-05|07:40|vasárnap|2.5868055555555562|8|2.944195704546239|2.944195704546239
2023-03-05|07:50|vasárnap|2.5868055555555562|8|2.943006387346156|2.943006387346156
2023-03-05|08:00|vasárnap|2.5868055555555562|8|2.941821027936758|2.941821027936758
2023-03-05|08:10|vasárnap|2.5868055555555562|8|2.940639613147372|2.940639613147372
2023-03-05|08:20|vasárnap|2.5868055555555562|8|2.939462129851155|2.939462129851155
2023-03-05|08:30|vasárnap|2.5868055555555562|8|2.9382885649649473|2.9382885649649473
2023-03-05|08:40|vasárnap|2.5868055555555562|8|2.9371189054491267|2.9371189054491267
2023-03-05|08:50|vasárnap|2.5868055555555562|8|2.9359531383074646|2.9359531383074646
2023-03-05|09:00|vasárnap|2.5868055555555562|8|2.9347912505869806|2.9347912505869806
2023-03-05|09:10|vasárnap|2.5868055555555562|8|2.9336332293777994|2.9336332293777994
2023-03-05|09:20|vasárnap|2.5868055555555562|8|2.9324790618130065|2.9324790618130065
2023-03-05|09:30|vasárnap|2.5868055555555562|8|2.931328735068506|2.931328735068506
2023-03-05|09:40|vasárnap|2.5868055555555562|8|2.9301822363628784|2.9301822363628784
2023-03-05|09:50|vasárnap|2.5868055555555562|8|2.929039552957237|2.929039552957237
2023-03-05|10:00|vasárnap|2.5868055555555562|8|2.9279006721550873|2.9279006721550873
2023-03-05|10:10|vasárnap|2.5868055555555562|8|2.926765581302187|2.926765581302187
2023-03-05|10:20|vasárnap|2.5868055555555562|8|2.9256342677864033|2.9256342677864033
2023-03-05|10:30|vasárnap|2.5868055555555562|8|2.924506719037575|2.924506719037575
2023-03-05|10:40|vasárnap|2.5868055555555562|8|2.9233829225273706|2.9233829225273706
2023-03-05|10:50|vasárnap|2.5868055555555562|8|2.922262865769151|2.922262865769151
2023-03-05|11:00|vasárnap|2.5868055555555562|8|2.9211465363178295|2.9211465363178295
2023-03-05|11:10|vasárnap|2.5868055555555562|8|2.920033921769734|2.920033921769734
2023-03-05|11:20|vasárnap|2.5868055555555562|8|2.918925009762469|2.918925009762469
2023-03-05|11:30|vasárnap|2.5868055555555562|8|2.9178197879747785|2.9178197879747785
2023-03-05|11:40|vasárnap|2.5868055555555562|8|2.9167182441264097|2.9167182441264097
2023-03-05|11:50|vasárnap|2.5868055555555562|8|2.9156203659779747|2.9156203659779747
2023-03-05|12:00|vasárnap|2.5868055555555562|8|2.914526141330816|2.914526141330816
2023-03-05|12:10|vasárnap|2.5868055555555562|8|2.9134355580268707|2.9134355580268707
2023-03-05|12:20|vasárnap|2.5868055555555562|8|2.912348603948536|2.912348603948536
2023-03-05|12:30|vasárnap|2.5868055555555562|8|2.911265267018532|2.911265267018532
2023-03-05|12:40|vasárnap|2.5868055555555562|8|2.9101855351997714|2.9101855351997714
2023-03-05|12:50|vasárnap|2.5868055555555562|8|2.909109396495223|2.909109396495223
2023-03-05|13:00|vasárnap|2.5868055555555562|8|2.9080368389477784|2.9080368389477784
2023-03-05|13:10|vasárnap|2.5868055555555562|8|2.906967850640121|2.906967850640121
2023-03-05|13:20|vasárnap|2.5868055555555562|8|2.9059024196945913|2.9059024196945913
2023-03-05|13:30|vasárnap|2.5868055555555562|8|2.9048405342730574|2.9048405342730574
2023-03-05|13:40|vasárnap|2.5868055555555562|8|2.9037821825767813|2.9037821825767813
2023-03-05|13:50|vasárnap|2.5868055555555562|8|2.9027273528462887|2.9027273528462887
2023-03-05|14:00|vasárnap|2.5868055555555562|8|2.9016760333612384|2.9016760333612384
2023-03-05|14:10|vasárnap|2.5868055555555562|8|2.9006282124402922|2.9006282124402922
2023-03-05|14:20|vasárnap|2.5868055555555562|8|2.899583878440984|2.899583878440984
2023-03-05|14:30|vasárnap|2.5868055555555562|8|2.898543019759593|2.898543019759593
2023-03-05|14:40|vasárnap|2.5868055555555562|8|2.8975056248310116|2.8975056248310116
2023-03-05|14:50|vasárnap|2.5868055555555562|8|2.896471682128618|2.896471682128618
2023-03-05|15:00|vasárnap|2.5868055555555562|8|2.89544118016415|2.89544118016415
2023-03-05|15:10|vasárnap|2.5868055555555562|8|2.8944141074875755|2.8944141074875755
2023-03-05|15:20|vasárnap|2.5868055555555562|8|2.893390452686965|2.893390452686965
2023-03-05|15:30|vasárnap|2.5868055555555562|8|2.8923702043883655|2.8923702043883655
2023-03-05|15:40|vasárnap|2.5868055555555562|8|2.8913533512556744|2.8913533512556744
2023-03-05|15:50|vasárnap|2.5868055555555562|8|2.890339881990513|2.890339881990513
2023-03-05|16:00|vasárnap|2.5868055555555562|8|2.8893297853321016|2.8893297853321016
2023-03-05|16:10|vasárnap|2.5868055555555562|8|2.8883230500571333|2.8883230500571333
2023-03-05|16:20|vasárnap|2.5868055555555562|8|2.8873196649796506|2.8873196649796506
2023-03-05|16:30|vasárnap|2.5868055555555562|8|2.88631961895092|2.88631961895092
2023-03-05|16:40|vasárnap|2.5868055555555562|8|2.8853229008593084|2.8853229008593084
2023-03-05|16:50|vasárnap|2.5868055555555562|8|2.8843294996301605|2.8843294996301605
2023-03-05|17:00|vasárnap|2.5868055555555562|8|2.883339404225674|2.883339404225674
2023-03-05|17:10|vasárnap|2.5868055555555562|8|2.8823526036447795|2.8823526036447795
2023-03-05|17:20|vasárnap|2.5868055555555562|8|2.8813690869230153|2.8813690869230153
2023-03-05|17:30|vasárnap|2.5868055555555562|8|2.880388843132408|2.880388843132408
2023-03-05|17:40|vasárnap|2.5868055555555562|8|2.8794118613813495|2.8794118613813495
2023-03-05|17:50|vasárnap|2.5868055555555562|8|2.878438130814477|2.878438130814477
2023-03-05|18:00|vasárnap|2.5868055555555562|8|2.8774676406125526|2.8774676406125526
2023-03-05|18:10|vasárnap|2.5868055555555562|8|2.876500379992341|2.876500379992341
2023-03-05|18:20|vasárnap|2.5868055555555562|8|2.875536338206493|2.875536338206493
2023-03-05|18:30|vasárnap|2.5868055555555562|8|2.8745755045434223|2.8745755045434223
2023-03-05|18:40|vasárnap|2.5868055555555562|8|2.87361786832719|2.87361786832719
2023-03-05|18:50|vasárnap|2.5868055555555562|8|2.8726634189173836|2.8726634189173836
2023-03-05|19:00|vasárnap|2.5868055555555562|8|2.871712145709|2.871712145709
2023-03-05|19:10|vasárnap|2.5868055555555562|8|2.870764038132327|2.870764038132327
2023-03-05|19:20|vasárnap|2.5868055555555562|8|2.869819085652826|2.869819085652826
2023-03-05|19:30|vasárnap|2.5868055555555562|8|2.8688772777710154|2.8688772777710154
2023-03-05|19:40|vasárnap|2.5868055555555562|8|2.867938604022354|2.867938604022354
2023-03-05|19:50|vasárnap|2.5868055555555562|8|2.867003053977123|2.867003053977123
2023-03-05|20:00|vasárnap|2.5868055555555562|8|2.866070617240313|2.866070617240313
2023-03-05|20:10|vasárnap|2.5868055555555562|8|2.865141283451506|2.865141283451506
2023-03-05|20:20|vasárnap|2.5868055555555562|8|2.8642150422847616|2.8642150422847616
2023-03-05|20:30|vasárnap|2.5868055555555562|8|2.8632918834485013|2.8632918834485013
2023-03-05|20:40|vasárnap|2.5868055555555562|8|2.8623717966853954|2.8623717966853954
2023-03-05|20:50|vasárnap|2.5868055555555562|8|2.861454771772248|2.861454771772248
2023-03-05|21:00|vasárnap|2.5868055555555562|8|2.8605407985198843|2.8605407985198843
2023-03-05|21:10|vasárnap|2.5868055555555562|8|2.8596298667730364|2.8596298667730364
2023-03-05|21:20|vasárnap|2.5868055555555562|8|2.858721966410231|2.858721966410231
2023-03-05|21:30|vasárnap|2.5868055555555562|8|2.857817087343677|2.857817087343677
2023-03-05|21:40|vasárnap|2.5868055555555562|8|2.8569152195191534|2.8569152195191534
2023-03-05|21:50|vasárnap|2.5868055555555562|8|2.8560163529158973|2.8560163529158973
2023-03-05|22:00|vasárnap|2.5868055555555562|8|2.8551204775464925|2.8551204775464925
2023-03-05|22:10|vasárnap|2.5868055555555562|8|2.854227583456759|2.854227583456759
2023-03-05|22:20|vasárnap|2.5868055555555562|8|2.853337660725643|2.853337660725643
2023-03-05|22:30|vasárnap|2.5868055555555562|8|2.8524506994651038|2.8524506994651038
2023-03-05|22:40|vasárnap|2.5868055555555562|8|2.851566689820008|2.851566689820008
2023-03-05|22:50|vasárnap|2.5868055555555562|8|2.8506856219680166|2.8506856219680166
2023-03-05|23:00|vasárnap|2.5868055555555562|8|2.8498074861194778|2.8498074861194778
2023-03-05|23:10|vasárnap|2.5868055555555562|8|2.8489322725173176|2.8489322725173176
2023-03-05|23:20|vasárnap|2.5868055555555562|8|2.848059971436932|2.848059971436932
2023-03-05|23:30|vasárnap|2.5868055555555562|8|2.8471905731860767|2.8471905731860767
2023-03-05|23:40|vasárnap|2.5868055555555562|8|2.8463240681047632|2.8463240681047632
2023-03-05|23:50|vasárnap|2.5868055555555562|8|2.845460446565148|2.845460446565148
